0, 0, 118
0, 0, 121
-1, 0, 119
0, 0, 118
0, 0, 118
0, 0, 118
0, 0, 118
0, 0, 118
0, 0, 119
0, 1, 119
0, 0, 119
0, 0, 119
0, 0, 118
0, 0, 119
0, 0, 119
0, 0, 118
0, 0, 119
0, 1, 118
0, 0, 118
0, 0, 118
0, 0, 119
0, 0, 118
0, 0, 119
0, 1, 119
0, 0, 120
0, 0, 119
0, 0, 119
0, 0, 119
0, 0, 119
0, 0, 119
0, 0, 118
0, 0, 118
0, 1, 119
0, 0, 119
0, 0, 119
0, 0, 118
0, 0, 119
6, -15, 116
-1, 0, 120
0, 1, 119
0, 1, 118
2, 0, 119
-6, 0, 117
0, 1, 120
0, 0, 123
0, 0, 118
-1, 4, 118
-1, 1, 118
3, 0, 119
-2, 1, 122
0, 1, 121
0, 1, 119
0, 2, 119
-1, 4, 118
-3, 1, 120
-1, 2, 124
-13, 3, 120
-28, 4, 112
-45, 6, 112
-56, 7, 107
-82, 13, 97
-93, 8, 90
-107, 9, 62
-128, 2, 42
-125, 9, 26
-124, 7, 21
-121, -1, 16
-132, 7, 3
-133, 6, 10
-133, 9, 6
-132, 8, 12
-128, 6, 25
-132, 9, 1
-131, 7, 10
-130, 8, 10
-129, 8, 7
-132, 4, 9
-128, 1, 31
-129, 0, 20
-124, -1, 50
-97, -15, 63
-123, -12, 66
-106, -30, 78
-77, -57, 98
-23, -86, 90
-45, -90, 78
-26, -107, 63
-20, -109, 66
-18, -114, 50
-4, -123, 33
-7, -126, 31
-5, -129, 51
-1, -122, 55
-2, -123, 52
0, -126, 38
-1, -126, 35
-1, -127, 31
6, -127, 24
0, -125, 24
11, -128, 30
27, -141, 27
17, -109, -117
34, -117, 108
16, -82, 38
2, -76, -28
57, -89, 29
96, -95, 18
98, -70, 90
87, -44, 54
98, -52, 44
122, -42, 79
111, -42, 48
115, -42, 37
124, -36, 63
115, -37, 29
113, -37, 61
119, -30, 75
116, -30, 61
115, -31, 52
117, -31, 62
99, -16, 54
120, -18, 35
114, -10, 61
111, -4, 64
99, 16, 79
88, 31, 69
81, 41, 87
94, 44, 80
38, 84, 72
28, 86, 73
38, 92, 67
31, 103, 90
45, 88, 85
25, 93, 66
33, 96, 78
50, 96, 70
34, 95, 63
27, 100, 65
29, 97, 67
36, 98, 72
34, 96, 72
27, 98, 62
34, 96, 53
33, 94, 61
34, 93, 30
33, 66, 104
2, 47, 112
-18, 26, 116
-28, 12, -105
2, 1, -94
0, 0, -122
-20, -1, -123
-17, -3, -113
-1, -4, 117
6, -6, 112
-3, -1, -121
-7, -7, -104
1, -9, -109
-4, 3, 117
0, 0, 119
0, 1, 119
0, 0, 119
0, 0, 118
0, 0, 119
0, 0, 118
0, 0, 118
-1, 0, 119
0, 0, 119
0, 0, 119
0, 0, 119
0, 0, 119
0, 0, 119
-10, 3, 120
-1, 0, 122
0, 0, 118
0, 0, 119
0, 0, 119
0, 0, 121
0, 1, 119
-9, 7, 118
0, 1, 119
0, 0, 118
0, 1, 118
-1, 1, 120
0, -1, 123
0, 0, 119
0, 0, 119
-1, 1, 119
-1, 0, 119
-1, 1, 120
0, 0, 118
0, 0, 117
0, 0, 118
0, 0, 118
0, 0, 119
-1, 0, 117
0, 0, 118
0, 0, 117
0, 1, 118
0, 0, 119
0, 1, 119
0, 0, 119
-1, 0, 119
0, 1, 117
0, 0, 118
0, 0, 118
0, 0, 118
-1, 0, 118
0, 0, 118
0, 0, 118
0, 0, 119
-1, 1, 119
0, 1, 119
0, 1, 118
-1, 0, 119
0, 0, 118
0, 0, 119
0, 0, 119
0, 1, 118
0, 0, 119
0, 0, 118
0, 0, 118
0, 0, 118
-1, 1, 119
0, 0, 119
-1, 0, 118
0, 0, 118
0, 0, 118
-1, 0, 118
0, 0, 118
-1, 0, 119
0, 0, 119
-1, 1, 119
0, 0, 119
0, 0, 118
-1, 0, 119
0, 0, 119
-1, 0, 119
0, 0, 119
-2, 1, 119
0, 0, 119
0, 0, 118
-1, 0, 119
0, 1, 119
-1, 0, 119
0, 1, 118
-1, 2, 120
0, 0, 119
0, 0, 118
-1, 0, 119
0, 0, 119
-1, 1, 118
0, 0, 119
0, 0, 119
0, 0, 118
0, 0, 119
0, 0, 118
-1, 0, 119
0, 0, 118
-2, 1, 119
0, 0, 118
0, 0, 119
0, 0, 119
0, 0, 119
-1, 0, 119
0, 0, 119
-1, 1, 118
0, 0, 120
0, 0, 119
-1, 0, 119
-1, 0, 119
-1, 0, 118
0, 0, 118
0, 0, 119
0, 0, 119
0, 0, 119
0, 0, 118
0, 0, 118
0, 1, 119
0, 0, 119
-1, 1, 118
-1, 0, 119
0, 0, 118
-1, 1, 119
0, 0, 118
-1, 0, 118
0, 0, 119
-1, 1, 120
0, 0, 119
0, 0, 119
0, 0, 120
0, 0, 118
0, 0, 118
0, 0, 119
-1, 1, 119
0, 1, 118
0, 0, 119
0, 0, 119
0, 1, 118
-1, 1, 119
0, 0, 119
0, 0, 118
-1, 1, 118
-1, 0, 119
0, 0, 118
0, 1, 119
0, 0, 119
0, 1, 118
0, 0, 118
0, 0, 119
0, 0, 118
0, 0, 118
0, 0, 118
-1, 1, 119
0, 0, 118
0, 0, 119
0, 0, 118
0, 0, 118
0, 1, 119
-1, 0, 118
-1, 0, 119
0, 0, 119
-1, 1, 119
0, 0, 119
0, 0, 119
0, 0, 119
-1, 1, 120
0, 1, 119
0, 0, 118
0, 1, 117
0, 0, 118
0, 0, 118
0, 0, 119
-1, 1, 118
0, 0, 119
0, 0, 119
0, 0, 119
0, 0, 119
-1, 1, 119
0, 0, 119
0, 0, 119
-1, 1, 119
0, 0, 119
-1, 0, 119
0, 0, 119
0, 1, 119
0, 0, 119
0, 1, 119
0, 1, 118
-1, 1, 118
0, 0, 119
0, 0, 119
0, 0, 119
-1, 1, 119
-1, 1, 119
0, 0, 119
-1, 1, 118
-1, 0, 119
0, 0, 119
-1, 0, 118
0, 1, 119
-1, 1, 119
0, 0, 119
0, 0, 119
0, 0, 119
0, 0, 119
0, 1, 119
0, 0, 119
0, 1, 118
0, 1, 119
0, 0, 119
0, 0, 118
0, 1, 119
-1, 0, 118
0, 0, 118
-1, 1, 119
0, 1, 119
-1, 1, 119
0, 0, 119
0, 0, 118
-1, 0, 119
0, 0, 119
0, 1, 119
0, 0, 118
0, 0, 119
0, 0, 119
0, 1, 119
-1, 1, 118
0, 0, 118
0, 1, 118
0, 1, 119
-1, 1, 119
0, 0, 119
0, 1, 119
0, 1, 119
-1, 1, 119
0, 0, 119
-1, 0, 118
0, 1, 119
-1, 1, 119
-1, 1, 119
0, 0, 118
-1, 1, 119
0, 0, 119
-1, 0, 117
0, 0, 119
0, 0, 119
0, 0, 119
0, 0, 119
0, 0, 118
0, 1, 118
-1, 0, 119
0, 0, 119
0, 1, 119
0, 0, 119
0, 0, 118
0, 1, 118
0, 0, 119
-1, 1, 119
0, 0, 119
0, 0, 119
0, 0, 119
0, 0, 119
-1, 0, 120
0, 0, 118
0, 1, 118
0, 0, 118
-1, 1, 118
0, 0, 120
0, 0, 118
-1, 0, 118
0, 0, 119
-1, 1, 118
0, 1, 119
0, 0, 119
0, 1, 118
0, 0, 119
0, 0, 118
-1, 1, 119
0, 0, 118
0, 0, 118
-1, 1, 120
0, 0, 119
-1, 0, 118
0, 1, 118
0, 1, 118
-1, 0, 117
0, 1, 118
0, 1, 118
0, 0, 119
-1, 1, 119
0, 0, 118
0, 0, 118
0, 0, 118
0, 0, 119
-1, 0, 119
0, 0, 119
0, 0, 119
-1, 0, 118
0, 0, 119
0, 0, 118
-1, 0, 119
-1, 1, 117
0, 0, 119
0, 0, 119
-1, 0, 119
0, 1, 119
0, 0, 119
0, 0, 119
0, 1, 119
0, 0, 118
0, 0, 119
0, 0, 119
0, 0, 120
-1, 1, 118
0, 0, 118
0, 0, 119
0, 0, 119
0, 0, 118
0, 1, 118
0, 0, 119
-1, 1, 118
0, 1, 119
0, 0, 119
0, 0, 118
-1, 0, 118
0, 0, 119
-1, 1, 118
0, 0, 118
0, 0, 119
-1, 0, 119
0, 1, 119
0, 1, 118
0, 0, 118
-1, 1, 117
0, 0, 119
0, 0, 119
-1, 1, 119
0, 0, 119
-1, 1, 118
0, 0, 119
0, 0, 119
-1, 0, 119
-1, 1, 119
-1, 0, 119
0, 0, 118
-1, 1, 119
-1, 0, 119
0, 0, 118
0, 1, 118
0, 0, 119
-1, 1, 118
0, 0, 118
0, 0, 119
-1, 0, 118
0, 1, 118
-1, 0, 118
0, 1, 118
-1, 1, 119
0, 1, 118
-1, 1, 118
-1, 1, 118
0, 0, 119
0, 0, 118
0, 0, 118
-2, 0, 118
0, 1, 119
-1, 0, 118
0, 0, 119
0, 1, 118
0, 1, 118
-1, 0, 118
0, 1, 118
-1, 0, 119
0, 0, 119
0, 0, 118
0, 0, 118
0, 0, 119
-1, 1, 118
0, 0, 119
0, 0, 119
0, 1, 119
0, 0, 119
0, 0, 118
0, 0, 119
-1, 1, 118
0, 0, 118
0, 0, 119
0, 0, 118
0, 0, 118
-1, 1, 119
0, 0, 118
-1, 1, 119
0, 0, 119
0, 0, 119
-1, 0, 119
0, 0, 118
0, 0, 119
0, 0, 118
-1, 0, 118
0, 0, 119
0, 1, 118
0, 0, 118
0, 0, 119
-1, 1, 119
0, 0, 118
-1, 0, 119
0, 0, 119
0, 1, 119
-1, 1, 118
0, 0, 119
0, 1, 118
-1, 1, 118
-1, 0, 119
0, 0, 119
-1, 1, 119
0, 0, 118
0, 0, 118
-1, 0, 119
0, 0, 118
0, 0, 118
0, 0, 118
-2, 1, 119
0, 0, 119
0, 1, 119
0, 0, 118
0, 0, 119
-1, 1, 118
0, 0, 119
0, 1, 118
0, 1, 118
0, 0, 120
-1, 0, 120
0, 0, 118
-1, 1, 118
0, 1, 118
0, 0, 118
0, 0, 119
0, 0, 119
-1, 1, 120
0, 0, 119
-1, 1, 119
0, 0, 119
-1, 1, 118
-1, 0, 119
0, 0, 118
-1, 0, 119
0, 1, 119
-1, 1, 117
0, 0, 118
0, 0, 119
-1, 0, 119
0, 0, 119
0, 0, 119
0, 1, 118
-1, 1, 118
-1, 0, 119
0, 0, 118
0, 0, 119
0, 1, 119
0, 0, 119
0, 1, 120
0, 1, 118
0, 0, 118
0, 0, 118
0, 1, 118
-1, 1, 118
0, 0, 119
-1, 0, 119
-1, 1, 118
0, 0, 119
0, 0, 119
0, 0, 118
-1, 1, 119
0, 0, 118
0, 0, 119
0, 1, 119
0, 1, 119
0, 1, 118
0, 0, 118
0, 1, 118
0, 0, 119
0, 0, 119
0, 0, 118
0, 0, 118
-1, 1, 117
0, 0, 119
-1, 1, 119
0, 0, 119
0, 0, 118
0, 0, 119
0, 0, 119
-1, 0, 119
0, 1, 119
-1, 1, 118
0, 0, 118
0, 0, 118
0, 1, 118
0, 0, 119
-1, 0, 118
0, 0, 118
-1, 0, 119
0, 1, 119
0, 0, 118
0, 0, 118
-1, 1, 119
0, 0, 119
0, 0, 118
0, 1, 119
0, 1, 118
0, 0, 118
0, 0, 118
0, 0, 119
0, 0, 119
-1, 0, 118
-1, 0, 118
0, 1, 119
-1, 0, 118
0, 0, 119
-1, 0, 118
-1, 1, 119
0, 1, 119
0, 0, 119
0, 0, 118
0, 0, 119
0, 0, 119
0, 0, 119
-1, 0, 119
-1, 0, 118
0, 1, 119
-1, 1, 120
0, 1, 118
0, 0, 118
0, 0, 118
0, 0, 119
0, 0, 119
-1, 0, 119
0, 0, 119
0, 1, 118
0, 0, 118
-1, 1, 118
0, 1, 119
0, 1, 119
-1, 0, 118
0, 0, 118
-1, 0, 118
0, 0, 118
0, 0, 119
-1, 0, 118
0, 0, 120
0, 1, 118
0, 0, 118
0, 1, 119
-1, 1, 119
0, 1, 119
0, 0, 118
0, 0, 119
0, 0, 118
0, 0, 118
0, 1, 119
0, 0, 118
0, 0, 119
0, 0, 119
-1, 0, 119
0, 1, 119
-1, 1, 118
0, 0, 119
0, 0, 119
0, 0, 118
0, 0, 119
-1, 1, 119
0, 0, 119
-1, 1, 119
-1, 0, 119
0, 0, 118
0, 0, 118
0, 0, 119
-1, 0, 118
0, 0, 118
0, 0, 119
0, 0, 119
0, 0, 118
-1, 1, 118
0, 0, 119
-1, 1, 119
0, 1, 118
0, 0, 119
-1, 0, 119
0, 0, 119
-1, 1, 119
0, 0, 118
-1, 1, 119
0, 0, 118
0, 0, 119
-1, 0, 119
0, 1, 118
0, 1, 119
0, 0, 119
-1, 1, 118
0, 1, 119
-1, 1, 118
0, 0, 118
0, 0, 118
-1, 1, 119
0, 0, 119
0, 0, 118
0, 0, 118
-1, 2, 118
0, 0, 118
0, 0, 119
0, 0, 119
-1, 1, 118
-1, 0, 118
0, 0, 119
0, 1, 119
-1, 1, 119
0, 0, 119
-1, 1, 119
0, 0, 118
0, 1, 118
0, 1, 119
0, 1, 118
0, 0, 118
0, 0, 118
-1, 1, 118
0, 1, 119
-1, 1, 119
0, 0, 119
-1, 1, 118
0, 1, 119
0, 0, 119
0, 0, 119
0, 0, 119
-1, 0, 118
0, 0, 118
0, 0, 119
-1, 1, 118
0, 0, 118
0, 0, 119
0, 0, 118
0, 0, 119
-1, 1, 118
0, 0, 119
0, 0, 117
0, 1, 119
0, 0, 119
0, 0, 119
0, 0, 119
0, 0, 119
0, 0, 118
0, 1, 119
0, 0, 118
0, 0, 118
0, 1, 119
0, 0, 118
0, 0, 118
0, 0, 119
-1, 2, 119
0, 1, 118
0, 0, 119
0, 0, 118
0, 0, 120
0, 0, 118
0, 0, 118
0, 0, 118
-1, 1, 118
0, 0, 120
-1, 0, 118
-1, 0, 117
0, 0, 118
0, 1, 119
0, 1, 119
0, 0, 118
0, 0, 118
0, 0, 118
-1, 1, 119
-1, 0, 119
-1, 0, 119
0, 0, 118
0, 0, 119
0, 0, 119
0, 0, 118
0, 0, 118
0, 0, 119
-1, 1, 119
0, 0, 118
-1, 1, 119
0, 0, 119
0, 0, 119
0, 1, 119
0, 0, 118
-1, 0, 119
0, 0, 119
0, 1, 119
0, 0, 118
-1, 1, 118
-1, 1, 118
0, 0, 119
-1, 1, 118
0, 0, 118
-1, 1, 119
-1, 0, 118
0, 0, 118
0, 1, 119
0, 0, 118
0, 1, 119
0, 0, 118
0, 1, 117
-1, 1, 119
0, 0, 119
-1, 0, 118
0, 0, 118
-1, 0, 119
0, 0, 119
0, 0, 119
0, 1, 118
0, 0, 118
-1, 0, 118
0, 0, 119
0, 1, 118
0, 0, 119
0, 0, 119
0, 0, 119
0, 0, 119
0, 1, 119
0, 0, 119
0, 0, 119
-1, 0, 119
0, 0, 119
0, 1, 119
0, 0, 119
0, 1, 119
0, 0, 118
0, 0, 119
0, 0, 119
0, 0, 118
0, 0, 119
-1, 1, 119
0, 0, 118
0, 1, 118
0, 0, 119
0, 1, 118
-1, 1, 118
0, 0, 119
-1, 0, 119
-1, 1, 119
-1, 1, 119
0, 0, 119
0, 0, 118
0, 0, 117
0, 0, 118
-1, 1, 119
0, 0, 119
0, 0, 118
0, 0, 119
0, 0, 118
0, 1, 119
0, 0, 118
-1, 0, 117
0, 0, 119
0, 0, 118
-1, 0, 118
0, 0, 119
0, 0, 119
0, 0, 118
-1, 1, 119
0, 1, 118
0, 0, 119
0, 0, 119
0, 1, 119
-1, 1, 119
0, 0, 119
0, 0, 118
0, 0, 118
-1, 0, 117
0, 0, 118
0, 1, 119
0, 0, 119
0, 0, 119
0, 0, 118
0, 0, 119
0, 1, 118
0, 0, 118
-1, 1, 119
0, 0, 119
0, 0, 119
0, 1, 119
0, 0, 119
0, 0, 119
-1, 0, 119
0, 0, 118
-1, 1, 119
0, 1, 119
-1, 0, 119
0, 0, 119
0, 0, 120
0, 0, 119
0, 1, 119
-1, 1, 119
-1, 0, 118
0, 0, 119
0, 0, 120
0, 0, 118
-1, 1, 119
0, 0, 119
-1, 1, 119
0, 0, 120
-1, 1, 119
-1, 0, 119
0, 1, 119
0, 0, 119
0, 1, 118
-1, 1, 120
0, 0, 118
0, 0, 118
0, 0, 118
0, 0, 119
0, 1, 118
0, 0, 118
-1, 1, 119
0, 1, 119
0, 0, 118
0, 0, 118
0, 1, 117
0, 0, 119
-1, 1, 118
0, 0, 118
0, 0, 118
0, 0, 118
0, 1, 119
0, 0, 118
0, 0, 120
0, 0, 119
0, 1, 119
-1, 0, 119
-1, 0, 119
0, 0, 118
-1, 0, 119
0, 0, 119
0, 1, 120
0, 0, 118
0, 0, 119
0, 1, 119
0, 0, 119
0, 0, 118
0, 1, 119
-1, 1, 118
0, 1, 118
0, 0, 118
-1, 1, 119
0, 0, 119
0, 1, 118
0, 0, 118
0, 0, 119
0, 0, 119
0, 0, 118
0, 0, 119
0, 0, 119
0, 0, 119
0, 0, 119
0, 1, 118
-1, 0, 119
0, 1, 119
-1, 1, 118
0, 0, 119
-1, 1, 119
0, 0, 119
0, 0, 119
0, 0, 119
-1, 0, 119
0, 0, 118
0, 0, 119
0, 0, 119
-1, 1, 119
0, 0, 119
0, 0, 119
-1, 0, 119
0, 0, 119
0, 0, 119
-1, 0, 119
0, 1, 118
0, 0, 118
0, 0, 119
-1, 1, 119
0, 0, 118
0, 1, 118
-1, 0, 119
0, 0, 119
0, 0, 119
0, 0, 119
0, 0, 119
0, 0, 119
0, 0, 118
0, 0, 119
0, 1, 119
-1, 1, 119
0, 1, 119
0, 0, 118
0, 0, 119
0, 1, 119
0, 0, 119
0, 0, 119
0, 0, 119
0, 0, 119
-1, 0, 119
0, 1, 119
-1, 1, 118
0, 0, 118
0, 0, 118
0, 0, 119
0, 0, 119
0, 1, 118
0, 0, 118
0, 1, 119
0, 0, 119
0, 1, 119
-1, 0, 119
0, 1, 121
0, 0, 120
-1, 1, 118
0, 0, 117
0, 0, 118
-1, 0, 118
0, 1, 119
0, 1, 118
0, 0, 119
-2, 0, 119
0, 0, 119
0, 1, 117
0, 1, 117
0, 0, 119
0, 0, 119
0, 1, 119
0, 0, 118
0, 0, 119
-1, 0, 119
0, 0, 119
-1, 1, 120
0, 1, 118
-1, 0, 119
-1, 0, 118
0, 0, 119
-1, 0, 117
0, 0, 119
0, 1, 119
0, 0, 119
0, 0, 118
0, 0, 119
0, 0, 119
0, 1, 119
0, 0, 118
0, 0, 119
0, 1, 119
-2, 1, 120
-1, 0, 119
0, 0, 119
-1, 0, 118
0, 0, 119
0, 1, 118
-1, 1, 119
0, 1, 119
-1, 1, 119
-1, 0, 119
0, 1, 118
8, 16, 114
-8, -2, 116
-16, 10, 125
-6, 5, 119
22, -14, 114
-16, 15, 116
-2, 1, 124
-13, 3, -124
-7, -21, 106
8, -10, -109
33, -19, -106
20, -4, 73
39, -13, -121
24, -2, 126
68, -7, 99
20, 0, 100
103, -24, 90
61, -6, 88
97, -22, 61
77, 0, 94
93, -4, 56
91, 1, 33
97, 0, 107
85, -13, 71
124, -3, 46
97, -8, 80
109, -7, 41
105, 0, 66
96, -1, 75
106, -1, 56
106, -1, 76
108, -4, 51
105, -2, 55
104, 0, 47
105, 1, 53
103, 1, 68
103, 0, 70
110, -1, 53
108, -7, 46
104, -1, 69
108, 0, 36
104, -1, 72
108, -1, 47
106, -4, 44
104, 0, 80
108, 1, 41
105, 1, 64
105, 1, 53
109, -1, 47
108, -5, 50
107, -1, 68
96, 0, 43
75, 0, 53
102, -11, 66
80, -12, 43
66, -24, 74
59, -25, 119
91, -43, 123
99, -57, 83
7, -40, 126
64, -57, 116
38, -69, 104
-4, -42, 120
12, -64, 97
-1, -65, 95
15, -73, 78
-14, -75, 63
-5, -69, 103
-21, -79, 96
-1, -94, 88
-3, -79, 107
-11, -91, 69
-12, -104, 39
1, -126, 102
-27, -112, 82
-22, -118, 93
-17, -117, 71
-19, -107, 54
-11, -105, 59
-13, -107, 37
-10, -107, 45
-1, -118, 58
-21, -119, 16
0, -116, 89
-9, -115, 46
-7, -125, 35
-12, -115, 59
-25, -131, 27
-6, -121, 29
0, -120, 80
-20, -126, 0
-9, -118, 50
-14, -114, 69
-20, -128, 7
-5, -119, 62
-15, -120, 51
-15, -124, 31
-3, -121, 58
-17, -120, 62
-25, -118, 34
-25, -109, 64
-31, -114, 39
-27, -113, 58
-29, -114, 70
-46, -113, 62
-47, -102, 58
-45, -107, 66
-67, -93, 47
-46, -98, 67
-58, -94, 51
-72, -87, 56
-79, -84, 65
-95, -78, 22
-97, -69, 79
-112, -72, 34
-112, -58, 56
-111, -57, 47
-104, -64, 12
-120, -39, 55
-121, -38, 44
-128, -28, 11
-119, -28, 51
-123, -25, 15
-112, -16, 15
-124, -12, 35
-170, -18, 19
-114, -12, 32
-133, 2, 29
-128, 3, 6
-113, 0, 21
-126, 2, 20
-125, 2, 41
-131, 8, 11
-129, 7, 13
-130, 8, 26
-131, 5, 20
-129, 9, 25
-130, 7, 23
-123, 2, 15
-131, 10, 25
-127, 5, 19
-127, 8, 27
-130, 13, 22
-127, 11, 16
-128, 13, 23
-128, 13, 22
-128, 11, 19
-130, 12, 28
-127, 14, 28
-132, 20, 28
-125, 12, 23
-144, 29, 48
-136, 33, 52
-113, 25, 90
-118, 21, 9
-99, 25, 64
-133, 45, 64
-102, 37, 80
-94, 47, 78
-84, 37, 36
-80, 54, 62
-78, 50, 69
-90, 69, 70
-84, 68, 79
-57, 82, 70
-59, 73, -112
-24, 97, 8
-27, 87, 121
-9, 91, 90
31, 86, 47
19, 75, 63
-8, 102, 34
6, 109, 29
8, 111, 69
7, 116, 65
16, 111, 35
-2, 117, 30
-6, 123, 2
4, 121, 51
24, 119, 34
11, 121, 18
1, 127, -1
7, 115, -12
30, 122, 4
25, 114, 13
0, 120, 14
-1, 124, -11
11, 123, 0
5, 125, 7
12, 120, 8
19, 113, -51
-16, 118, 40
1, 105, -83
-48, 109, 72
7, 99, 66
69, 71, 39
2, 84, -91
32, 81, 36
-3, 78, 100
1, 64, -121
33, 54, 46
13, 53, -108
18, 45, 71
9, 36, -116
31, 32, 99
20, 26, 65
-6, 20, -79
25, 12, 90
19, 3, -69
1, 12, 105
9, 6, 103
-13, 11, -95
16, 0, 115
22, -1, 93
30, -39, 346
-22, 2, 119
1, 18, 19
-83, 125, 58
-10, -4, -126
1, 2, 121
-3, 5, 119
-1, 2, 117
-1, 2, 126
4, -3, 117
-2, 1, 121
13, -7, 105
-2, 3, 119
0, 2, 111
0, 1, 118
0, 0, 119
-1, 0, 119
0, 0, 118
0, 1, 120
0, 0, 118
0, 1, 119
0, 0, 118
0, 0, 119
0, 0, 119
-1, 0, 119
0, 0, 118
0, 0, 118
-1, 1, 119
0, 1, 118
0, 0, 118
0, 0, 119
0, 0, 119
-1, 0, 119
0, 0, 119
0, 0, 118
0, 1, 118
0, 0, 119
0, 0, 118
0, 0, 118
-1, 0, 119
0, 0, 119
0, 0, 119
0, 1, 118
0, 0, 119
-1, 1, 119
0, 0, 119
-1, 1, 120
0, 0, 118
0, 0, 118
0, 1, 119
0, 0, 118
-1, 0, 119
0, 0, 119
0, 0, 118
0, 1, 119
-1, 0, 119
0, 0, 118
0, 0, 118
0, 0, 119
0, 0, 118
0, 0, 119
-1, 1, 120
0, 0, 119
0, 0, 120
-1, 1, 119
0, 1, 118
0, 0, 119
0, 1, 119
0, 0, 119
0, 0, 119
0, 0, 119
3, 0, 119
-11, -11, 127
-1, 1, 120
-2, 1, 121
0, 5, 126
3, -8, 120
0, 0, 119
0, 0, 119
0, 0, 120
0, -1, 119
-1, 5, 119
-3, -2, 124
-1, -10, 123
-1, -4, 123
0, 0, 119
0, -1, 119
0, 0, 117
-1, -3, 121
0, -1, 120
0, 0, 119
0, -5, 119
0, 3, 118
0, -4, 118
0, 0, 118
0, 1, 117
-11, 13, 112
-3, -1, 119
3, -1, 119
-67, -40, 91
-77, -41, 97
-71, -38, 100
-75, -40, 107
-72, -34, 101
-68, -32, 89
-73, -42, 94
-67, -44, 93
-62, -43, 89
-63, -41, 89
-64, -38, 90
-64, -39, 96
-70, -39, 99
-74, -32, 95
-72, -34, 99
-72, -39, 105
-69, -38, 97
-68, -39, 96
-73, -35, 96
-69, -32, 89
-66, -35, 91
-63, -42, 101
-65, -39, 100
-67, -35, 96
-69, -33, 94
-67, -37, 95
-72, -40, 100
-76, -35, 98
-70, -32, 89
-60, -30, 81
-53, -37, 78
-58, -46, 89
-64, -49, 101
-72, -48, 110
-79, -51, 127
-83, -47, -125
-79, -30, 97
-77, -34, 76
-72, -59, 100
-36, -52, 66
-34, -50, 61
-50, -35, 59
-85, -51, 101
-85, -54, 127
-73, -43, 120
-81, -43, 120
-84, -43, 104
-75, -43, 93
-65, -52, 96
-53, -55, 87
-50, -52, 77
-70, -35, 72
-62, -36, 84
-59, -45, 106
-77, -39, 103
-75, -44, 117
-70, -50, 124
-56, -39, 107
-49, -46, 115
-46, -47, 105
-58, -53, 111
-71, -39, 101
-57, -38, 100
-49, -42, 110
-51, -36, 98
-62, -32, 93
-76, -35, 103
-63, -33, 98
-52, -31, 94
-57, -30, 86
-56, -39, 95
-48, -38, 106
-48, -33, 113
-62, -23, 104
-73, -17, 97
-74, -15, 92
-77, -19, 88
-62, -34, 106
-76, -42, 111
-95, -25, 93
-75, -29, 95
-67, -37, 115
-74, -34, 108
-92, -34, 119
-102, -27, 103
-99, -27, 108
-94, -24, 101
-85, -26, 93
-77, -31, 94
-81, -15, 67
-79, -13, 59
-71, -25, 71
-66, -28, 74
-76, -25, 73
-65, -23, 78
-68, -23, 83
-94, -25, 94
-99, -19, 93
-92, -20, 92
-90, -31, 106
-80, -29, 95
-69, -17, 74
-59, -24, 82
-66, -23, 79
-71, -19, 73
-77, -29, 93
-75, -29, 100
-86, -23, 92
-78, -24, 80
-63, -43, 96
-69, -51, 110
-59, -38, 97
-55, -34, 105
-76, -30, 104
-52, -18, 71
-50, -50, 112
-61, -53, 105
-57, -36, 68
-41, -52, 94
-43, -55, 101
-59, -50, 101
-55, -39, 90
-43, -42, 104
-45, -33, 95
-50, -37, 89
-43, -68, 126
-33, -73, -124
-64, -39, 99
-92, -29, 75
-70, -25, 35
-54, -74, 120
-26, -90, 119
-26, -97, -127
-51, -76, -104
-60, -33, 105
-86, -49, 127
-98, -64, -120
-79, -69, 109
-60, -57, 74
-64, -52, 64
-73, -40, 86
-67, -21, 71
-67, -25, 98
-78, -52, -101
-70, -70, -72
-85, -49, 112
-113, -56, 105
-115, -62, 93
-72, -105, 112
-34, -106, 103
-49, -63, 73
-103, -50, 107
-115, -26, 80
-75, -28, 92
-65, -40, 115
-53, -44, 98
-60, -58, 116
-57, -38, 88
-58, -18, 56
-52, -21, 55
-57, -24, 56
-68, -34, 95
-77, -31, 101
-101, -28, 120
-119, -15, 112
-111, -10, 86
-110, -25, 85
-73, -26, 58
-39, -48, 66
-38, -96, -117
-42, -52, 88
-60, -39, 86
-51, -36, 94
-40, -33, 78
-59, -42, 67
-46, -47, 36
21, -56, 23
14, -72, 38
-28, -85, 74
101, 80, -205
83, 10, 9
-22, -26, -100
-6, -11, -123
-15, -1, -121
-2, -15, -126
11, -31, -126
10, -32, -122
-19, -16, 125
-30, -13, 126
-23, -22, 126
-20, -19, 124
-20, -17, 123
-13, -19, 114
-5, -19, 112
8, -24, 96
0, -17, 103
0, -8, 113
0, -4, 116
5, -8, 120
7, -12, 123
4, -14, 125
3, -15, 119
2, -13, 122
-7, 0, 127
-14, 0, 116
-14, 18, 108
-17, 4, 119
-8, -8, 80
-8, -9, 109
-8, -12, 112
-4, -13, 109
0, -14, 114
-6, -16, 123
9, -37, 117
-9, -23, -122
-19, -32, -110
-14, -30, -111
-19, -15, 124
-23, 0, 113
-14, -1, 112
-12, 0, 112
-15, -3, 115
-19, 2, 108
-23, 7, 102
-27, 8, 113
-19, 2, 109
-26, -7, 117
-31, -5, 123
-35, -4, 126
-30, -8, 115
-32, -2, 117
-20, -1, 115
-24, -14, 120
-23, -18, 123
-22, -13, 119
-20, -10, 114
-18, -9, 105
-19, -12, 105
-25, -22, 114
-20, -13, 118
-15, -1, 116
-16, 7, 125
-14, 6, 121
-8, 5, 115
0, 0, 116
-1, 5, 107
-12, 9, 121
-21, 8, 126
-28, 2, -126
-17, -10, 126
-3, -1, 123
-3, -11, 127
0, -5, 119
0, -5, 124
1, -1, 116
-10, -2, 121
-5, -4, 119
-6, 0, 111
-13, -1, 116
-2, 0, 106
0, 0, 111
3, 0, 114
3, -5, 121
1, -9, 124
1, -9, 118
-8, -6, 117
-11, -3, 116
-10, -1, 116
-15, 0, 114
-9, 0, 109
-7, -6, 107
-1, 0, 112
-12, -7, 125
-12, -12, -128
-3, -19, 122
-5, -18, 121
-19, -17, -128
-19, -13, 121
-17, -12, 116
-32, -8, -128
-31, -1, 124
-32, 1, 124
-29, 0, 122
-24, 4, 117
-23, 8, 114
-25, 5, 120
-27, 10, 118
-32, 10, 120
-28, 13, 112
-34, 13, 121
-33, 14, 122
-31, 15, 114
-36, 12, 120
-33, 19, 117
-35, 14, 124
-25, 14, 116
-20, 15, 112
-19, 10, 115
-16, 11, 108
-23, 9, 115
-19, 10, 115
-14, 14, 110
-17, 13, 124
-1, 16, 110
-17, 10, -125
-10, 0, 127
10, -10, -127
-21, -13, -126
-37, -2, -127
-39, -2, 123
-38, 0, 127
-47, 0, 126
-27, 0, 109
-23, -1, 107
-24, -2, 109
-19, 0, 106
-16, 1, 104
-17, 0, 107
-17, 3, 105
-19, 2, 109
-15, 2, 104
-16, 5, 107
-12, 7, 106
-5, 9, 103
-13, 6, 112
-12, 6, 116
-14, 1, -120
-20, 4, -108
-24, 14, -121
-35, 14, 127
-32, 17, 112
-35, 14, 112
-37, 8, 109
-33, 8, 107
-34, 5, 114
-27, 9, 113
-27, 11, 114
-31, 8, 114
-24, 10, 109
-19, 13, 107
-5, 15, 113
-9, 13, 124
-14, 10, -124
-20, 11, -128
-21, 10, 122
-17, 11, 113
-19, 14, 115
-24, 14, 122
-19, 8, -124
-10, 9, -125
-18, 9, -119
-24, 11, -127
-38, 1, -120
-24, -6, 117
-6, -12, 107
-11, -15, 113
-7, 4, 94
-19, -2, 111
-10, 0, 98
-17, 1, 107
-13, 1, 99
-14, 2, 117
-23, -4, -124
-14, 2, -123
-17, 0, -122
-9, 0, -115
-24, 0, -104
-32, -3, -102
-26, 10, -120
-21, 6, 113
-27, 11, 114
-26, 9, 109
-25, 2, 102
-8, -11, 86
-9, -6, 73
4, -19, 72
2, -7, 96
19, -13, 115
19, -15, -118
21, -17, -107
5, -15, -92
7, -30, -105
-8, -27, -110
-22, -11, -122
-35, -9, -127
-30, -19, 125
-19, -10, 119
-2, -9, 91
4, -6, 64
2, -13, 67
0, -21, 81
-10, -15, 93
-2, -13, 117
28, -19, -126
22, -2, -125
-1, -5, -83
10, -19, -87
-10, -16, -110
-31, 1, -119
-19, 6, 122
-15, 7, 127
-20, 14, 123
-11, 2, 97
0, 0, 68
0, -4, 58
-1, 2, 64
10, 6, 81
7, 2, 101
17, -10, -124
17, -13, -103
11, -12, -74
18, -24, -84
5, -10, -94
-31, 0, -105
-52, -1, -121
-30, -14, 119
5, -7, 109
5, -1, 95
0, -8, 71
1, -16, 61
0, -20, 64
0, -19, 78
-166, -3, -43
27, -17, -128
22, -13, -97
13, -24, -83
30, -17, -94
-27, -3, -105
-43, 0, -117
-24, 16, 118
5, -8, -114
-11, -5, 121
-14, -3, 91
-9, 0, 64
-1, -10, 63
0, -1, 67
7, -1, 82
35, 13, 99
42, -18, -115
31, -10, -83
14, -8, -84
24, -6, -104
-7, 1, -118
-40, -3, -120
-24, -22, -128
7, -9, 124
11, 3, 113
9, 0, 84
11, -8, 67
0, -15, 68
0, -19, 76
6, -22, 91
17, -20, 113
43, -21, -120
32, -13, -96
34, -18, -93
12, -10, -86
-20, -4, -95
-18, 15, -125
0, 10, 127
6, -9, -121
7, -10, 101
2, -1, 77
3, -1, 65
3, -6, 65
8, -7, 77
17, -3, 95
29, -10, 121
39, -9, -101
40, -3, -86
37, -9, -90
29, 0, -93
-13, 1, -111
-34, -7, 116
-19, -14, 111
5, -3, 118
4, 1, 110
9, 0, 88
11, -4, 75
9, -11, 73
4, -14, 73
4, -14, 88
30, -20, 118
41, -16, -121
32, -16, -96
41, -12, -99
25, -8, -100
-14, -5, -113
-30, 6, -121
-2, 1, -126
4, -12, 124
16, -14, 99
8, -8, 81
7, -7, 76
3, -8, 71
0, -2, 67
7, -10, 91
12, -21, 118
25, -27, -111
36, -24, -88
32, -21, -89
20, -16, -84
-16, 1, -92
-41, 6, -127
-31, -8, 108
-23, -8, 106
-20, -1, 95
-6, 0, 83
0, -7, 77
0, -13, 80
-5, -18, 84
0, -25, 105
-1, -28, 122
3, -28, -121
0, -30, -109
0, -35, -104
3, -31, -100
-15, -20, -116
-19, -10, -128
-25, -1, -122
-24, 0, -126
-8, -2, 118
-2, 0, 87
-1, -10, 86
-4, -15, 83
-9, -21, 86
-6, -22, 97
0, -24, 108
0, -26, 117
0, -31, -120
-9, -33, -112
4, -32, -121
3, -26, -120
-12, -23, -109
-27, -13, -119
-29, -8, -124
-15, -5, 120
-3, -4, 98
0, -6, 74
0, -10, 74
4, -12, 85
8, -23, 95
3, -20, 97
30, -24, 120
21, -11, -112
20, -12, -93
13, -14, -83
-13, -16, -84
-28, -2, -111
-23, 10, 127
-11, 3, -124
-1, -10, 126
0, -7, 100
2, 0, 72
2, 0, 63
-6, -8, 68
3, -9, 79
12, -5, 90
31, -12, 123
32, -12, -120
23, -16, -90
13, -18, -80
4, -1, -95
-16, 5, -107
-39, 9, -122
-34, -1, 104
0, -7, 116
0, -8, 112
-5, -5, 92
-1, 0, 76
0, -11, 79
-9, -17, 78
-6, -19, 78
2, -20, 102
17, -16, 126
19, -12, -96
1, -14, -83
23, -17, -87
-10, -12, -96
-33, -2, -119
-34, 14, 110
-26, 10, 127
-17, 2, -126
-1, 1, 106
0, 0, 84
-1, 0, 67
0, 4, 55
-7, 4, 70
7, -1, 93
29, -18, 122
32, -17, -98
25, -14, -71
12, -15, -75
-6, -4, -100
-32, 0, -116
-48, -8, 108
-29, -13, 90
-15, -13, 121
-14, -7, 109
-1, 0, 85
0, -2, 83
-1, -16, 84
-5, -18, 81
-10, -25, 101
-1, -25, 120
20, -17, -113
1, -16, -98
6, -22, -100
3, -12, -100
-25, 0, -109
-33, 12, 116
-14, 16, 115
-3, 1, -112
0, -1, 115
0, -1, 84
0, 0, 81
4, -1, 78
3, 0, 80
11, -1, 94
25, -8, 114
33, -16, -114
17, -12, -85
17, -15, -88
29, -15, -110
9, -1, -117
-20, 2, 114
-36, -7, 103
-6, -11, 118
5, 0, -126
2, 2, 109
2, 4, 91
4, 0, 88
-1, -20, 85
-1, -24, 87
3, -17, 104
16, -14, -125
9, -11, -106
2, -17, -101
13, -6, -93
-1, 0, -119
-11, 4, 105
-4, 22, 96
16, 8, 124
-1, 7, -126
-1, 5, 115
2, 3, 105
5, 0, 97
1, -4, 92
3, -9, 98
10, -11, 114
19, -16, -123
11, -14, -105
-1, -2, -103
-17, 7, 127
-14, 10, 106
-9, 1, 121
-1, -3, -119
-3, 3, -127
0, 4, 121
-1, 1, 114
-4, -9, 103
-6, -11, 97
-12, -8, 99
-16, -4, 125
-14, 1, -121
-10, -1, -124
-13, -12, 121
-8, -11, 118
3, 0, 105
0, 0, 103
-8, -1, 102
-1, -1, 103
0, -1, 115
1, 0, 125
9, 6, -124
6, 15, -114
5, 12, -122
11, 6, -128
13, 0, 116
9, 0, 107
6, 0, 114
1, 0, 117
0, 1, 120
0, 0, 126
3, 0, 125
11, 1, 123
18, 2, 117
15, 6, 111
9, 3, 114
11, 0, 116
12, 0, 121
-2, -8, -126
-12, -16, 119
-1, -18, 118
4, -20, 120
3, -18, 120
-3, -12, 118
-8, -4, 120
-1, -2, 113
0, -1, 112
2, 0, 113
0, 0, 116
0, 2, 118
-2, 1, 121
-1, -2, 122
0, -1, 116
0, -1, 117
-1, -1, 121
-2, 0, 117
0, 0, 119
0, 0, 124
2, 0, 126
1, 0, 123
0, 0, 123
-6, 3, -128
-12, 5, 123
-8, 0, 109
0, -8, 103
1, -2, 110
-1, 0, 119
-7, 0, 125
-7, 0, -128
-1, -2, 124
0, -2, 123
1, -1, 120
-2, 0, 118
-3, -1, 117
-6, 1, 119
-7, 0, 115
-1, -5, 112
0, -17, 111
4, -21, 115
0, -15, 121
0, -14, 121
0, -12, 116
0, -16, 116
1, -15, 118
3, -10, 121
10, -2, 124
14, 0, 120
16, 0, 121
16, -3, 123
11, -8, 125
4, -21, 127
-4, -18, -119
-20, -18, -109
-22, -19, -122
-22, -20, 119
-18, -10, 100
-15, 1, 99
-2, 6, 117
0, 3, 121
0, 5, 117
-1, 2, 114
-3, 0, 106
0, -8, 100
2, -10, 101
12, -5, 108
18, -2, 120
9, -8, 127
-1, -3, -121
0, 0, -125
6, -1, -113
-10, 4, -96
-23, 3, -126
-29, 3, 91
-20, -2, 115
-18, 2, 122
-3, -7, 115
-8, -7, 97
-3, -8, 97
-9, -19, 106
-20, -16, 103
-25, -14, 104
-18, -10, 103
0, -11, 110
20, -22, 123
16, -21, -125
5, -15, -109
-7, -15, -103
-24, -14, -93
-29, -10, -110
-26, -14, 120
-30, -11, 102
-24, -2, 109
-13, 1, 126
-10, 10, 102
-12, 2, 103
4, 1, 108
3, 0, 107
-1, -1, 100
-1, 0, 98
1, -1, 98
8, -10, 106
14, -17, 115
9, -20, -127
-1, -13, -113
0, -6, -103
0, -2, -101
-10, 0, -108
-17, -3, 125
-26, -8, 94
-32, -15, 97
-32, -14, 113
-26, 0, 118
-13, 0, 117
0, -5, 112
0, -15, 109
-9, -16, 106
-16, -9, 105
-15, -9, 105
-10, -9, 116
0, -13, 124
9, -7, -128
14, 0, -121
0, 2, -113
-19, 3, -119
-25, 2, 125
-18, 0, 101
-10, 0, 105
-2, -6, 120
-3, 0, 120
-1, 3, 116
7, 0, 115
7, 1, 113
1, 2, 113
-3, 4, 115
-3, 6, 126
2, 4, -128
5, 3, 125
1, 0, 122
0, 0, 113
-1, 1, 113
-6, 2, 114
-2, 3, 113
0, 5, 117
2, 2, 116
4, 2, 121
3, 5, 123
1, 2, 120
1, 1, 120
3, 1, 119
4, 2, 118
3, 3, 120
2, 3, 119
3, 2, 119
4, 1, 119
4, 1, 120
3, 0, 121
2, 0, 119
3, 0, 119
2, 2, 119
2, 3, 119
4, 4, 118
5, 4, 120
5, 4, 117
4, 4, 117
3, 4, 119
4, 1, 117
1, 4, 120
3, 5, 118
3, 3, 117
2, 3, 122
5, 2, 121
4, 2, 120
3, 4, 118
1, 3, 115
3, 5, 117
7, 3, 117
2, 5, 122
6, 2, 120
6, 1, 115
6, 2, 119
2, 3, 117
0, 4, 117
3, 2, 120
2, 5, 116
2, 9, 116
8, 4, 116
0, 8, 115
1, 8, 120
-2, 8, 116
-7, 11, 115
-3, 10, 119
-4, 9, 117
-3, 8, 115
-7, 10, 117
-1, 13, 123
-7, 11, 117
-11, 9, 114
-18, 8, 115
-18, 3, 113
-17, 0, 126
-12, -1, -127
-3, -11, -127
-1, -14, -127
-10, -6, 126
-14, -11, 117
-11, -15, 112
-11, -11, 110
-9, -14, 116
-12, -12, 117
-13, -5, 124
-12, -5, 127
-14, -6, 126
-15, -5, 119
-18, -9, 112
-19, -4, 113
-17, 0, 113
-17, -2, 114
-13, -2, 116
-15, 1, 117
-14, 2, 120
-15, 1, 123
-20, 1, 125
-18, 7, 115
-19, 4, 117
-21, 3, 117
-11, 5, 118
-7, 9, 120
-6, 7, 123
-3, 3, 118
-9, 9, 121
1, 3, -128
-7, 9, 125
-1, 9, 120
1, 5, 119
-1, 10, 120
-4, 11, 113
-1, 10, 111
-1, 8, 114
-2, 9, 115
-15, 10, -128
-18, 2, 117
-1, 1, 113
6, 0, 121
-1, 1, 124
-17, 0, 123
-14, 3, 117
0, -1, 118
-3, -1, 118
-2, -2, 121
2, -5, 120
-2, -4, 120
0, -6, 124
0, -10, 123
-8, -1, 120
0, -5, 108
3, -10, 109
0, -9, 114
-5, -2, 117
-10, 0, 117
-12, 2, 118
-9, 0, 123
0, -1, 120
0, -3, 123
-7, -1, 120
-7, -4, 120
-4, 0, 119
-2, -1, 117
-2, 0, 121
-1, -1, 119
-3, 0, 120
-2, 0, 119
-2, 0, 120
-1, 0, 119
0, 0, 118
-1, 0, 119
-2, 0, 118
-3, 0, 116
-3, 0, 124
-1, 0, 119
-1, 0, 117
0, 0, 118
0, 0, 117
-2, -2, 124
-1, 0, 121
0, 0, 120
-1, 0, 120
0, 0, 120
0, -1, 119
0, 0, 119
0, -1, 118
0, 0, 119
0, -1, 118
0, 0, 118
0, 0, 120
0, 0, 120
0, 0, 119
0, 0, 120
0, 0, 117
0, 0, 119
0, 0, 119
0, 0, 119
0, 0, 121
0, 0, 118
0, 0, 119
0, 0, 120
0, 0, 118
0, -1, 120
0, 0, 120
0, 0, 119
0, 0, 119
0, 0, 119
0, 0, 118
0, 0, 119
0, 0, 118
0, 0, 119
0, 0, 118
0, -1, 118
0, -1, 118
0, 0, 120
0, 0, 119
0, 0, 119
0, 0, 119
0, 0, 118
0, 0, 119
0, 0, 119
0, 0, 122
0, 1, 123
0, 0, 122
0, 0, 117
1, 0, 117
0, 0, 122
-1, -1, 124
0, 0, 125
0, 0, 120
1, 0, 118
1, 0, 118
0, -1, 121
-1, 0, 123
-1, 1, 123
1, 0, 122
1, 0, 121
1, -1, 122
0, 0, 123
-1, 0, 123
0, 0, 122
0, 0, 123
0, 0, 122
0, 0, 123
0, 0, 122
0, 0, 125
0, 0, 124
1, 0, 124
0, 0, 125
0, 0, 125
0, 0, 123
0, 0, 123
0, 0, 126
0, 0, 126
0, 0, 126
0, 0, 125
0, 0, 126
0, 0, 125
0, 0, 126
0, 0, 127
0, 0, 126
0, 0, 126
0, 0, 126
0, 0, 127
0, 0, 126
0, 0, 126
1, 0, 126
0, 0, 127
0, 0, 127
0, 0, 127
0, 0, 126
0, 0, 127
0, 0, -128
0, 0, 127
0, 0, 126
0, 0, 126
0, 0, 126
0, 0, 125
1, 0, 122
0, 0, 122
0, 0, 124
0, 0, 124
0, 0, 123
0, 0, 123
1, 0, 121
0, 0, 121
0, 0, 120
0, 0, 121
0, 0, 122
0, 0, 121
0, -1, 119
0, 0, 117
0, 0, 120
0, 0, 119
0, 0, 119
0, 0, 118
0, 0, 119
0, -1, 120
0, 0, 120
0, 0, 118
0, 0, 119
0, 0, 118
0, -1, 120
0, 0, 120
0, 0, 120
0, 0, 119
0, 0, 119
-1, 0, 118
0, 0, 117
0, 0, 119
0, 0, 119
0, 0, 119
2, -1, 119
0, 0, 120
-1, 0, 119
0, 0, 119
0, 0, 117
0, 0, 118
0, 0, 120
0, 0, 120
0, 0, 121
0, 0, 120
0, 1, 116
0, 0, 118
0, 0, 120
0, 0, 119
0, 0, 120
0, -1, 119
0, 0, 119
0, 0, 120
0, 0, 119
0, 0, 119
1, 0, 118
0, 0, 119
0, -1, 120
0, 0, 119
0, 0, 120
0, 0, 118
0, 0, 119
0, 0, 119
0, 0, 120
1, 0, 119
1, 0, 119
1, 0, 117
0, 0, 119
0, 0, 119
0, 0, 120
0, 0, 118
0, 0, 117
0, 0, 118
1, 0, 121
1, 0, 120
0, 0, 119
0, 0, 118
0, 0, 119
0, 0, 119
0, 0, 117
0, 0, 120
0, -2, 120
0, 0, 120
0, 0, 119
0, 0, 118
0, 0, 116
0, 0, 115
0, 0, 116
0, 0, 117
0, 0, 115
0, 0, 115
0, 0, 113
0, 0, 114
0, 0, 114
0, 0, 114
0, 0, 114
0, 0, 113
0, 0, 112
0, 0, 112
0, 0, 111
0, 0, 111
0, 0, 111
0, 0, 110
0, 0, 110
0, 0, 109
0, 0, 111
0, 0, 112
0, 0, 113
0, 0, 113
1, 0, 112
0, 0, 113
0, 0, 112
0, 0, 111
0, 0, 112
0, 0, 113
0, 0, 114
0, 0, 114
0, 0, 113
0, 0, 112
0, 0, 113
0, 0, 115
0, 0, 114
0, 0, 115
0, -1, 115
0, 0, 114
0, 0, 114
0, 0, 115
0, 0, 115
0, 0, 116
0, 0, 115
0, 0, 115
0, 0, 116
0, 0, 117
0, 0, 117
0, 0, 116
0, 0, 117
0, 0, 118
0, 0, 119
0, 0, 118
0, 0, 117
0, 0, 117
0, 0, 118
0, 0, 119
0, 0, 118
0, 0, 120
0, 0, 119
0, 0, 120
0, 0, 119
1, -1, 119
0, 0, 119
0, 0, 119
0, 0, 120
1, 0, 120
1, 0, 119
0, 0, 119
0, 1, 118
0, 0, 117
0, 0, 118
0, 0, 118
0, 0, 119
0, 0, 120
1, 1, 122
2, 1, 121
0, 1, 118
0, 5, 117
0, 5, 117
0, 6, 115
2, 3, 118
2, 3, 121
3, 3, 119
6, 3, 120
7, 1, 120
6, 0, 120
3, 2, 118
3, 3, 116
0, 0, 116
-1, 0, 116
0, -2, 118
-1, -7, -128
0, -9, -127
9, -9, 122
2, -14, 125
0, -11, 116
0, -4, 110
0, -4, 112
0, -3, 118
1, -3, 121
3, -8, 125
11, -12, 123
5, -6, 123
-11, -10, 123
-8, -1, 115
-1, 0, 109
1, 0, 108
2, 3, 112
10, 1, 115
19, 2, 125
14, 2, 126
3, 0, 119
2, 0, 116
4, -2, 116
6, 0, 116
10, 0, 119
12, -1, 117
11, -3, 120
11, -2, 120
14, -4, 118
13, -4, 126
2, -6, -127
-10, -2, 123
3, -1, 117
9, -9, 121
6, -5, 120
0, -1, 118
0, -1, 117
2, -5, 117
1, -9, 118
0, -7, 116
-2, -10, 116
-1, -9, 116
0, -12, 120
2, -8, 118
3, -8, 121
0, -4, 125
1, -8, 121
4, -7, 120
3, -4, 118
4, -2, 114
4, -6, 115
5, -5, 112
5, -2, 116
3, 0, 120
3, -5, 121
2, -3, 121
4, -6, 121
2, -2, 120
0, -1, 119
0, -1, 119
2, -1, 119
1, -4, 118
0, -1, 121
0, -2, 121
0, -1, 118
0, -10, 118
-3, -10, 116
-3, -10, 122
-1, 0, 123
2, 0, 121
1, -5, 119
0, -6, 117
-7, -10, 116
-5, -11, 119
-4, -7, 124
-1, -12, 121
-11, -9, 123
-3, -3, 118
-9, -5, 114
-8, -3, 116
-8, -3, 116
-8, -5, 119
-5, -10, 121
-10, -9, 118
-14, -11, 118
-14, -9, 117
-9, -6, 119
0, -2, 120
-5, -12, 123
-7, -7, 118
-9, 0, 124
0, 1, 123
4, 0, 122
11, 3, 126
13, 1, 125
16, 6, 127
16, 7, -128
13, 7, 120
14, 8, 123
18, 8, 116
19, 9, 118
13, 8, 119
18, 9, 109
15, 0, 115
9, -1, 113
12, -3, 112
9, 1, 113
4, 7, 114
5, 4, 124
7, 3, 122
8, 0, 120
4, -1, 122
7, 0, 118
15, -3, 121
17, -7, 119
22, -10, 116
19, -11, 117
17, -3, 117
3, 0, 117
5, 0, 118
9, 0, 119
6, 0, 119
4, 0, 116
5, 0, 117
4, 0, 117
5, 0, 119
6, 0, 120
7, 0, 119
9, 0, 119
10, 0, 120
8, 0, 120
10, 0, 119
12, 0, 119
13, 0, 119
12, 0, 118
9, 0, 118
8, 0, 118
9, 0, 120
7, 0, 118
8, 0, 119
8, 0, 119
9, 1, 118
9, 1, 118
8, 0, 117
9, 0, 118
8, 0, 118
8, 0, 119
10, -1, 120
8, 0, 119
8, 0, 120
8, 0, 118
7, 1, 118
8, 0, 118
7, 0, 118
8, 0, 120
8, 0, 119
7, 0, 119
7, 0, 118
6, 0, 118
8, 0, 118
8, 0, 118
7, 0, 120
7, 0, 118
7, 0, 117
7, 0, 117
8, 0, 118
8, 0, 120
7, 0, 119
8, 0, 119
7, 0, 118
6, 0, 119
7, 0, 120
6, 0, 118
5, 0, 119
7, 0, 119
8, 0, 117
5, 0, 120
7, 0, 119
7, 0, 119
7, 0, 119
6, 0, 119
5, 0, 119
6, 0, 118
6, 0, 119
6, 0, 118
7, 0, 117
7, 0, 120
6, 0, 118
8, 0, 118
7, 0, 119
6, 0, 119
7, 0, 119
8, 0, 119
6, 0, 118
7, 0, 118
7, 0, 118
7, 0, 118
7, 0, 119
7, 0, 119
7, 0, 118
7, 0, 117
7, 0, 120
8, 0, 119
8, 0, 119
7, 0, 120
7, 0, 119
7, 0, 119
7, 0, 118
6, 0, 118
8, 0, 119
8, 0, 119
7, 0, 119
8, 0, 119
8, 0, 117
7, 0, 119
7, 0, 118
9, 0, 119
8, 0, 119
7, 0, 119
8, 0, 118
7, 0, 117
8, 0, 119
8, 0, 119
8, 0, 118
7, 0, 119
8, 0, 119
8, 0, 120
8, 0, 118
8, 1, 120
7, 0, 119
8, 0, 119
7, 0, 119
7, 0, 119
7, 0, 117
7, 0, 119
7, 0, 119
8, 0, 118
8, 0, 120
8, -1, 118
7, 0, 118
8, 0, 119
7, 0, 118
8, 0, 119
8, 0, 119
8, 0, 119
8, 0, 119
6, 0, 119
8, 0, 118
7, 0, 118
8, 0, 118
8, 0, 118
7, 0, 119
8, 0, 118
7, 0, 118
8, 0, 119
7, 0, 118
7, 0, 119
9, 0, 117
9, 0, 120
7, 0, 119
7, 0, 119
8, 0, 118
7, 0, 118
7, 0, 119
8, 0, 119
7, 0, 118
9, 0, 119
8, 0, 119
7, -1, 118
7, 0, 119
7, 0, 117
8, 0, 118
9, 0, 119
8, 0, 119
8, 0, 119
9, 0, 119
9, 0, 118
9, 0, 118
8, 0, 119
8, 0, 119
7, 0, 118
8, 0, 118
8, 0, 118
8, 0, 117
9, 0, 119
8, 0, 120
9, 0, 119
8, 0, 118
7, 0, 118
7, 0, 119
7, 0, 119
7, 0, 119
7, 0, 119
7, 0, 117
7, 0, 118
7, 0, 120
6, 0, 118
6, 0, 118
6, 0, 119
6, 0, 119
6, 0, 120
4, 0, 119
5, 0, 118
6, 1, 117
5, 0, 120
6, 0, 119
6, 0, 120
5, -1, 119
5, 0, 120
4, 0, 120
5, 0, 116
4, 0, 119
4, 0, 118
6, 0, 119
5, 0, 120
4, 0, 119
4, 0, 119
5, 0, 119
5, 0, 117
5, 0, 118
5, 0, 120
4, 0, 118
5, 0, 119
6, 0, 119
6, 0, 120
7, 0, 119
7, 0, 120
7, 0, 119
5, 0, 117
6, 0, 120
6, 0, 117
5, 0, 117
7, 0, 117
5, 0, 118
7, 0, 120
8, 0, 119
7, 0, 119
7, 0, 118
6, 0, 118
7, 0, 119
8, 0, 119
7, 0, 119
7, 0, 118
7, 0, 117
7, 0, 119
7, 0, 118
7, 0, 119
8, 0, 119
7, 0, 119
7, 0, 119
8, 0, 119
7, 0, 119
7, 0, 118
9, 0, 118
8, 0, 119
8, 0, 118
7, 0, 119
8, 0, 119
8, 0, 119
8, 0, 119
8, 0, 118
7, 0, 117
8, 0, 120
7, 0, 119
7, 0, 119
8, 0, 118
7, 0, 118
8, 0, 120
8, 0, 119
7, 0, 119
7, 0, 119
7, 0, 117
8, 0, 117
8, 0, 118
10, 0, 120
9, 0, 120
8, 0, 119
9, 0, 119
7, 0, 117
7, 0, 117
7, 0, 119
9, 0, 118
8, 0, 118
8, 0, 119
9, 0, 118
7, 0, 118
9, 0, 118
9, 0, 118
7, 0, 119
8, 0, 118
8, 0, 119
8, 0, 119
7, 0, 119
8, 0, 120
8, 0, 119
8, 0, 118
8, 0, 118
7, 0, 118
8, 0, 119
7, 0, 119
8, 0, 118
9, 0, 119
7, 0, 119
8, 0, 119
8, 0, 118
7, 0, 118
8, 0, 119
9, 0, 118
8, 0, 119
8, 0, 118
8, 0, 117
7, 0, 119
8, 0, 118
8, 0, 119
8, 0, 118
9, -1, 117
9, 0, 120
8, 0, 119
9, 0, 119
8, 0, 119
8, 0, 118
8, 0, 119
8, 0, 119
8, 0, 118
9, 0, 116
8, 0, 119
7, 0, 121
7, 0, 119
8, 0, 119
9, 0, 117
7, 0, 119
9, 0, 118
7, 0, 120
8, 0, 119
8, 0, 119
9, 0, 119
8, 0, 120
8, 0, 119
8, 0, 118
8, 0, 120
9, 0, 116
9, 0, 113
7, 0, 116
6, 0, 119
7, 0, 119
9, 0, 116
8, 0, 117
9, 0, 116
8, 0, 116
7, 0, 116
8, 0, 116
7, 0, 117
9, 0, 116
7, 0, 116
8, 0, 115
8, 0, 115
7, 0, 115
8, 0, 116
8, 0, 115
9, 0, 113
8, 0, 113
7, 0, 114
9, 0, 115
7, 0, 114
8, 0, 114
7, 0, 113
8, 0, 113
8, 0, 113
7, 0, 113
8, 0, 112
8, 0, 115
7, 0, 114
8, 0, 113
8, 0, 113
7, 0, 112
8, 0, 111
8, 0, 111
8, 0, 113
9, 0, 113
8, 0, 112
8, 0, 112
7, 0, 111
8, 0, 110
8, 0, 111
7, 0, 112
8, 0, 113
6, 0, 113
8, 0, 112
9, 0, 110
7, 0, 110
9, 0, 112
8, 0, 114
7, 0, 116
8, 0, 115
8, 0, 112
9, 0, 112
8, 0, 113
7, 0, 116
8, 0, 117
8, 0, 119
8, 0, 115
7, 0, 116
8, 0, 115
7, 0, 117
8, 0, 118
9, 0, 120
8, 0, 120
8, 0, 119
8, 0, 119
8, 0, 117
8, 0, 119
8, 0, 118
8, 0, 119
8, 0, 117
8, 0, 119
7, 0, 119
8, 0, 118
8, 0, 119
8, 0, 119
9, 0, 118
8, 0, 118
8, 0, 119
9, 0, 119
8, 0, 119
9, 0, 119
8, 0, 119
7, 0, 119
8, 0, 119
9, 0, 118
8, 0, 117
8, 0, 119
8, 0, 119
9, 0, 119
8, 0, 119
8, 0, 119
8, 0, 118
8, 0, 118
9, 0, 118
8, 0, 120
9, 0, 119
8, 0, 118
8, 0, 118
8, 0, 117
7, 0, 118
7, 0, 120
9, 0, 118
8, 0, 118
8, 0, 119
8, 0, 118
8, 0, 118
7, 0, 120
7, 0, 120
8, 0, 118
8, 0, 117
8, 0, 118
9, 0, 119
9, -1, 119
8, 0, 120
9, 0, 119
7, 0, 118
7, 0, 118
7, 0, 118
8, 0, 118
9, 0, 119
9, 0, 118
9, 0, 120
7, 0, 120
8, 0, 119
7, 0, 117
8, 0, 116
8, 0, 118
9, 0, 120
9, 0, 122
8, 0, 121
8, 0, 121
8, 0, 121
8, 0, 123
8, 0, 122
9, 0, 121
8, 0, 122
7, 0, 125
9, 0, 126
8, 0, 125
9, 0, 127
7, 0, 127
7, 0, 127
8, 0, 127
9, 0, -128
8, 0, 127
8, 0, -128
7, 0, -128
7, 0, -128
9, 0, -128
9, 0, 127
9, 0, 126
8, 0, 126
7, 0, 127
7, 0, 127
7, 0, 127
8, 0, 124
8, 0, 125
9, 0, 126
9, 0, 127
9, 0, 126
8, 0, 123
8, 0, 126
7, 0, 125
8, 0, 124
9, 0, 123
8, 0, 123
8, 1, 123
8, 0, 124
8, 0, 122
9, 0, 122
7, 0, 122
9, 0, 121
8, 0, 122
8, 0, 122
9, 0, 120
8, 0, 121
8, 0, 121
8, 0, 120
7, 0, 120
9, 0, 120
9, 0, 120
8, 0, 120
9, 0, 119
9, 0, 119
9, 0, 119
9, 0, 118
8, 0, 119
8, 0, 118
7, 0, 119
9, 0, 119
9, 0, 118
8, 0, 119
8, 0, 119
8, 0, 117
9, 0, 118
9, 0, 119
8, 0, 119
8, 0, 119
11, 2, 118
9, 5, 115
8, 4, 116
6, 0, 118
4, -1, 123
8, -2, 123
10, 0, 119
11, 1, 116
6, 0, 118
8, -1, 119
11, 2, 117
8, 0, 117
10, 0, 118
9, 0, 118
8, 1, 120
9, 1, 120
10, 0, 121
9, 1, 121
9, 1, 122
9, 0, 122
8, 0, 119
9, 0, 117
10, 0, 119
9, -1, 125
7, 0, 121
12, 0, 119
7, 1, 117
9, 0, 119
11, 0, 119
7, 0, 118
11, 0, 119
10, 0, 121
6, 0, 119
11, 0, 120
7, 0, 122
4, 0, 118
10, 0, 118
6, 1, 115
5, 0, 118
7, 0, 117
7, -1, 120
9, 1, 121
12, -2, 124
0, 0, 119
-1, 1, 118
0, 0, 119
0, 0, 118
-1, 1, 119
-1, 0, 116
-1, 1, 116
-1, 0, 119
0, 0, 119
0, 2, 116
-1, 0, 118
-1, 0, 120
0, 1, 119
0, 0, 120
0, 1, 120
-1, 2, 118
0, 0, 117
-1, 1, 118
0, 1, 117
0, 0, 117
0, 1, 118
-1, 1, 120
0, 0, 119
0, 1, 119
0, 0, 119
0, 0, 119
-1, 1, 119
-1, 0, 119
0, 0, 118
0, 1, 119
0, 0, 118
0, 1, 118
0, 0, 119
0, 0, 119
-1, 0, 119
0, 1, 118
-1, 0, 118
-1, 2, 117
-1, 1, 118
-1, 1, 119
0, 1, 117
0, 0, 118
0, 1, 118
0, 0, 119
-1, 1, 120
-1, 1, 118
0, 0, 119
0, 0, 119
0, 0, 119
0, 1, 117
0, 1, 118
0, 0, 119
0, 0, 119
0, 1, 118
-1, 1, 120
-1, 1, 119
-1, 0, 119
0, 0, 119
0, 1, 119
-1, 1, 118
0, 0, 119
-14, 13, 112
0, -5, 117
-8, -10, 116
-10, -18, 118
4, -26, 112
39, -3, 114
11, -134, -102
-33, -72, -99
-58, 21, 93
-74, 12, -128
-36, -10, -126
-16, -38, 107
-22, -43, 97
-32, -49, 123
-34, -27, 127
-54, -30, -113
-44, -45, -108
-40, -41, -127
-28, -54, -127
-4, -46, 121
-16, -39, 117
-2, -52, -123
14, -39, -125
-9, -32, -128
-5, -31, 117
4, -35, -127
-15, -17, 92
4, -29, 104
-1, -19, 105
-32, -1, 82
-44, -22, 120
-54, -5, 107
-50, -16, 122
-29, -11, 96
-55, -23, 98
-33, -27, 98
-33, -5, 90
-43, -7, 103
-11, -19, 99
-8, -20, 102
-30, -13, 88
-9, -23, 95
-20, -20, 95
-27, -14, 65
-39, -15, 62
-39, -26, 69
3, -49, 106
-17, -45, 114
-31, -51, 111
-35, -42, 98
-47, -32, 94
-32, -60, 113
10, -50, -84
30, -21, -76
12, -48, -121
-32, -32, 116
0, -29, 118
-11, -18, -124
-18, -18, -125
-1, 1, 76
14, -21, 117
-8, -25, 127
-13, -23, 124
-15, -25, 127
-10, -24, 121
-23, -21, -127
-10, -22, 111
-24, -28, -124
-15, -23, 127
-9, -20, 115
-11, -25, 111
-10, -24, 102
-1, -16, 89
-7, -18, 100
-13, -10, 102
-14, -15, 105
-19, -16, 112
-24, -19, 121
-25, -17, 113
-17, -25, 113
-22, -22, 115
-11, -14, 110
30, -16, 118
-6, -21, 106
-15, -20, 115
-6, -1, 113
1, -4, 117
-6, -13, -128
-16, 4, 118
-15, 6, -113
0, 12, 116
11, -1, 109
9, 2, 103
6, 8, 112
4, 9, 117
1, 9, 126
0, 3, -119
-3, -1, -116
8, -9, -121
0, -2, -124
7, 6, 118
9, 14, 118
9, 16, 114
7, 17, 110
10, 9, 117
11, 4, 122
12, 0, -116
16, 0, -126
5, 1, -123
-9, 8, -126
-18, 8, 124
-19, 4, 105
-11, 2, 100
0, 1, 97
0, 0, 106
-6, -3, 121
0, -9, 116
5, -5, 115
9, -3, 110
10, -1, 113
20, 0, 111
9, 0, 126
7, 2, -124
0, 5, -126
9, 4, -123
18, 4, -127
8, 1, -115
0, -2, -124
0, -9, 121
6, -1, 104
2, 0, 107
1, 0, 109
-1, -1, 114
0, 0, 103
-3, 2, 105
-2, 3, 108
-9, 5, 115
-11, 2, 122
-10, -6, -127
15, 0, 122
0, -11, -127
-2, -16, -126
11, -8, 113
4, -3, 111
-8, -6, 116
-13, -8, 113
-5, -1, 102
0, 4, 98
7, 8, 97
1, 3, 113
0, 1, 127
-7, -1, -118
-13, -10, -117
-21, -12, -123
-21, -15, -118
0, -8, 123
0, -2, 127
-3, -6, -127
10, 0, 111
14, 5, 96
3, 6, 96
1, 7, 99
0, 8, 110
-10, 18, 115
5, 15, 107
-1, 14, 123
-20, 1, -114
-10, 8, 123
1, 21, 114
3, 23, 103
6, 18, 99
22, 25, 105
3, 8, 119
27, 14, 111
5, -1, 124
4, -1, -124
5, -8, -128
15, 0, 120
-7, -8, -127
1, 1, 118
-1, 0, 117
-1, 2, 117
-11, 2, 122
-1, 4, 115
-14, 0, 126
-12, 2, 121
-2, 8, 117
-14, 4, 127
-8, 6, 126
-6, 7, -127
-1, 8, 123
-2, 18, 106
-2, 12, 110
-8, 9, 109
-3, 7, 114
-8, 1, 117
0, 4, 115
-5, 0, -124
-1, -1, 124
6, 0, 119
2, -3, 126
2, -8, 123
7, -8, 120
0, -7, 123
0, -3, 124
0, -4, 121
4, -3, 115
6, -2, 112
1, -2, 115
2, -5, 114
0, -10, 117
7, -9, 118
0, -1, -128
12, -6, -127
12, 0, 119
12, 3, 111
9, 7, 109
-6, 7, 119
-1, 1, 122
6, 9, 114
1, 10, 111
0, 7, 115
1, 7, 118
9, 5, 110
9, 7, 111
3, 5, 120
0, 4, 120
2, 4, 121
4, 4, 118
5, 4, -128
3, 5, 127
0, 1, -124
0, 0, -128
0, -2, -127
0, -6, 121
-5, -9, 113
-9, -11, 114
-10, -11, 124
-9, -10, 113
-7, -7, 107
-3, -3, 106
-1, -2, 101
-10, -4, 106
-15, -8, 113
-14, -8, 114
-23, -10, 121
-22, -8, 120
-18, 0, 115
-10, 1, 109
3, 7, 98
6, 9, 104
9, 5, 112
2, 0, -125
-3, -3, -99
0, -6, -99
-3, 0, -106
-4, 4, -116
4, 10, 119
10, 12, 111
5, 14, 113
-1, 11, 118
0, 11, 106
-1, 8, 104
-9, 4, 106
-6, 2, 112
-12, -7, 126
0, -14, 127
15, -14, 111
19, -9, 109
21, 0, 112
24, -1, 119
22, 0, 123
20, -8, 127
3, 0, -128
-18, -3, -119
-34, 6, 121
1, -9, -116
-2, -10, 114
5, -29, 111
-9, -12, 117
-19, -15, 114
-11, -21, 110
-10, -24, 104
-2, -26, 106
8, -26, 106
4, -20, 117
5, -16, 123
15, -17, 127
18, -15, 127
14, -9, -122
13, -5, -119
10, -3, -111
4, -9, -112
0, -1, -127
-1, 0, 108
-1, 1, 109
6, 0, 107
1, -6, 101
4, -10, 90
0, -15, 91
15, -31, 92
1, -24, 100
4, -21, 111
13, -27, 124
17, -32, 127
7, -27, -126
6, -27, -123
-5, -17, -97
-9, 7, -119
-11, 1, 120
-20, 0, 124
-14, 3, 119
-2, 0, 99
3, -3, 93
2, -6, 97
1, -14, 105
0, -13, 110
2, -11, 117
2, -9, 120
-2, -1, -122
-2, -6, -120
13, 6, 121
8, 0, 118
0, 1, 123
2, 7, -126
10, 5, -126
6, 7, 114
6, 7, 103
16, -9, 81
15, -21, 86
14, -13, 102
0, -16, -128
4, -13, -124
9, -12, -121
8, -4, -104
0, -6, -122
11, -1, -110
8, 1, -120
-10, -1, 122
0, -1, -125
1, 0, -128
-6, -1, 93
2, -11, 75
10, -13, 72
-11, -14, 92
2, -17, 109
0, -25, 120
1, -16, -127
5, -9, -112
10, -1, -106
10, -3, -101
6, 14, -109
6, 31, 119
11, 20, 126
-9, 21, 111
-19, 19, 94
-12, 9, 82
0, 2, 73
-5, 0, 75
-1, -16, 105
-10, -2, 121
-4, 0, -118
1, 0, -109
-9, 0, -97
-2, -4, -93
-12, 7, -109
-20, 18, 119
-1, 10, 103
-3, 0, 103
-10, -3, 94
-11, -7, 81
-14, -10, 77
-12, -3, 81
-13, -1, 98
-13, -11, -121
-7, 0, -112
-1, 2, -96
0, -13, -89
12, 10, -98
13, 44, -121
12, 34, -127
23, 27, 127
3, 32, 100
-4, 13, 78
-6, 5, 48
2, -19, 61
21, -20, 80
0, 1, 110
-1, -14, 125
-9, -21, -91
-16, 0, -61
-7, 0, -94
15, 15, -107
0, 35, 117
-28, 19, 113
10, 9, -111
-9, 9, 105
-2, 3, 65
-2, -4, 57
-7, -13, 65
-4, -16, 87
-17, -18, 104
-18, -17, -128
-12, -10, -96
-7, -18, -64
0, -33, -105
7, 1, -95
14, 24, -126
6, 21, 109
1, 20, -116
8, 17, 107
-10, 2, 72
-14, -3, 59
-10, -8, 60
0, -19, 86
1, -19, 106
-12, -31, 124
-19, -37, -108
-6, -34, -74
-28, -25, -72
21, 26, -102
-4, 18, 110
-26, 27, 110
-30, 15, -106
-14, 4, 116
-1, 9, 69
0, 0, 63
-7, -5, 69
-20, -2, 79
-23, -4, 93
-31, -4, 126
-18, -13, -108
-16, -16, -72
-4, -15, -85
-1, -1, -96
3, 30, -119
8, 28, 110
1, 22, -123
5, 21, -125
4, 14, 95
-2, 5, 68
-4, -8, 61
0, -10, 79
1, -9, 98
0, -15, 111
0, -16, -126
-9, -24, -87
-1, -3, -80
-13, -14, -85
16, 29, -125
-10, 33, 121
-22, 38, -126
-12, 19, -118
-11, 6, 95
2, 1, 67
0, -12, 57
-14, -6, 65
-12, 0, 79
-31, -9, 98
-21, -6, 124
-1, -14, -98
-3, -13, -72
5, 6, -73
10, 25, -103
2, 37, 123
2, 31, 104
2, 18, 125
11, 19, 118
3, 16, 77
-1, 4, 54
-1, 0, 55
0, -7, 76
7, -7, 90
8, -13, 117
0, -18, -95
-1, -6, -77
-10, -3, -70
16, 22, -92
5, 37, 127
-27, 35, 111
-23, 18, -116
-21, 13, 125
0, 10, 77
5, 0, 59
-1, -11, 65
-13, -1, 72
-18, -3, 92
-26, 1, -127
-1, 0, -113
-3, -2, -85
0, 8, -66
0, 17, -89
-1, 40, -111
-2, 36, 109
-5, 26, 123
7, 24, -127
11, 20, 99
0, 12, 70
-13, 2, 57
-12, -3, 61
-2, -11, 83
0, -14, 97
-1, -22, 125
-1, -33, -96
1, -2, -81
-15, -6, -74
7, 13, -102
-1, 28, -126
-22, 36, 113
-19, 25, 126
-21, 3, 127
-7, 0, 94
2, -4, 62
0, -10, 74
-14, -2, 83
-18, 0, 85
-22, -4, 104
-19, -16, 124
-5, -20, -115
-20, -19, -56
-3, -7, -89
7, -6, -74
-5, 35, -126
-1, 15, 102
4, 14, -128
13, 24, 123
2, 15, 94
-2, 7, 73
0, 2, 73
-2, 0, 79
11, -8, 84
8, -16, 103
6, -17, -124
-7, -1, -90
-1, 11, -86
1, 5, -76
15, 32, 127
-30, 37, 117
-25, 30, 127
-16, 4, -114
0, 0, 111
-1, 0, 92
-9, 0, 83
-13, 7, 75
-8, 10, 74
-7, 2, 83
-7, -12, 108
-1, -12, -128
-21, 8, -76
-11, -22, -90
-9, -38, -87
-11, 26, 122
-11, 46, 111
3, 31, 113
7, 17, -115
18, 15, 121
4, 12, 116
-10, 12, 94
-4, 5, 72
1, -1, 83
2, -8, 104
3, -7, 123
-2, -5, -124
0, 0, -125
-17, 17, -97
3, 35, -117
-9, 30, -114
-24, 30, -125
-24, 25, 113
-16, 10, 103
-11, 13, 100
-18, 20, 101
-16, 22, 99
-14, 12, 115
-8, 5, -128
-14, 5, 121
-12, 10, 112
-5, 18, 117
0, 28, 114
-9, 29, 113
-16, 27, 121
-20, 18, 118
-22, 12, 119
-16, 10, 116
-16, 12, 115
-23, 15, 117
-20, 10, 119
-16, 12, 117
-11, 15, 115
-8, 8, 114
-4, 7, 111
-2, 11, 110
0, 15, 111
-1, 17, 115
-2, 15, 116
0, 13, 110
-1, 15, 118
0, 18, 122
2, 18, 126
-1, 10, -119
-15, 5, -119
-14, 3, -118
-12, 7, 127
-1, 10, 120
0, 12, 111
1, 10, 106
10, 12, 113
7, 16, 119
0, 10, 118
7, 5, 116
10, 5, 118
9, 8, 109
13, 9, 114
18, 10, 117
18, 20, 108
15, 24, 107
14, 14, 104
12, 8, 110
6, 1, 121
0, -10, -128
-6, -8, -122
-9, -2, -123
-4, -3, -124
-4, -9, 127
-8, -10, -128
-17, -7, 114
-14, -25, 115
-6, -32, 113
-11, -28, 116
-10, -20, 117
-1, -10, 115
1, 0, 117
6, 11, 120
3, 14, 118
-5, 2, 112
-12, -16, 116
-7, -12, 116
-1, 5, 119
-2, 10, 122
-3, 1, 118
-2, 0, 116
0, 3, 118
6, 2, 120
2, 1, 122
0, 4, 119
1, 3, 114
4, 0, 118
3, 1, 123
1, 7, 121
0, 0, 120
0, -1, 119
0, 0, 119
0, 0, 119
0, 1, 120
0, 1, 116
0, 0, 117
0, 0, 118
0, -1, 116
0, 0, 118
0, 0, 118
0, 0, 120
0, 0, 121
0, 0, 121
0, 0, 119
0, 0, 115
0, 0, 118
0, 0, 117
1, 0, 119
0, 0, 121
1, 0, 118
1, 0, 119
0, -1, 119
0, -1, 118
1, -2, 119
0, -1, 119
0, -1, 118
0, 0, 117
0, -1, 118
0, 0, 119
0, -1, 119
0, -4, 120
1, 0, 121
0, 0, 120
1, -1, 118
0, -1, 117
0, 0, 116
0, 0, 119
0, 0, 119
0, 0, 120
1, 0, 118
0, 0, 120
1, -1, 120
1, 0, 119
0, 0, 121
1, 0, 118
1, 0, 118
1, 0, 119
0, 0, 119
0, 0, 119
1, 0, 120
0, 0, 119
1, 0, 117
1, 0, 120
0, 0, 119
1, 0, 119
0, 0, 118
0, 0, 119
0, 0, 119
1, -1, 117
0, 0, 119
0, 0, 118
1, 0, 119
0, 0, 121
0, 0, 117
0, 0, 120
-1, -1, 121
-4, 0, 120
-5, 0, 119
-5, 0, 120
-8, 0, 118
-8, 1, 121
-8, 0, 119
-8, 0, 116
-10, 0, 115
-14, -2, 119
-17, -1, 119
-21, 0, 119
-23, -7, 120
-18, -12, 126
-10, -1, 126
-8, 2, 121
0, 2, 113
0, 1, 112
0, -1, 116
5, -1, 117
2, -1, 115
4, 0, 114
9, -9, -128
14, -9, 127
10, -7, -128
7, -12, 116
7, -15, 112
8, -4, 115
2, 0, 117
0, 0, 118
0, -10, -128
-5, 0, 127
-9, 0, 127
-8, -2, 115
-2, -13, 112
0, -6, 118
1, 0, 117
0, 5, 116
1, 1, 118
1, -1, 118
0, -1, 118
-1, 1, 119
-5, 0, 120
-1, -8, 120
-1, -8, 118
-2, -1, 121
0, 0, 121
0, 3, 122
0, 1, 118
0, -1, 114
-5, 0, 117
-5, 0, 117
-4, 0, 120
-4, 1, 120
-1, 0, 120
-1, 0, 119
-1, 0, 120
-1, 0, 118
-1, 0, 119
0, 0, 118
-1, 0, 118
-1, 0, 119
-5, 0, 120
-5, 0, 120
-4, -1, 120
-5, -1, 119
-5, -1, 118
-2, -2, 118
-3, -1, 119
-2, -2, 118
-4, -1, 120
-7, 0, 119
-7, -3, 118
-6, -1, 121
-8, -1, 118
-7, -4, 119
-7, -1, 119
-7, -2, 119
-6, -4, 119
-6, -1, 119
-3, -1, 119
-5, -1, 118
-7, -1, 119
-5, -5, 119
-7, -4, 119
-8, -4, 120
-4, -2, 120
-5, -1, 119
-4, -4, 119
-4, -6, 118
-4, -2, 119
-3, -1, 119
-1, -1, 120
-5, 0, 119
-7, -3, 118
-8, -4, 118
-8, -3, 117
-4, -3, 119
-6, 0, 123
-12, -1, 120
-12, -6, 117
-11, -6, 118
-9, -6, 117
-9, -4, 119
-10, -1, 120
-8, -4, 119
-6, -2, 119
-5, -3, 120
-8, -1, 118
-9, -2, 118
-9, -6, 117
-11, -2, 118
-10, -2, 121
-9, -1, 119
-8, -2, 119
-8, -1, 118
-9, -1, 119
-9, -1, 119
-9, -1, 119
-9, -1, 118
-8, -1, 119
-8, 0, 118
-7, 0, 119
-6, 0, 120
-7, 0, 119
-7, -1, 119
-7, -1, 118
-5, 0, 119
-6, 0, 119
-7, 0, 118
-5, -1, 119
-6, 0, 119
-5, 0, 120
-4, 0, 120
-2, 0, 119
-1, 0, 120
-2, 0, 119
-2, 0, 119
-3, 0, 119
-6, -1, 118
-9, -1, 117
-8, -1, 118
-8, 0, 117
-3, 0, 119
-1, 1, 121
-1, 1, 122
-4, 0, 120
-5, 0, 117
-7, 0, 116
-6, 0, 118
-5, 0, 119
-6, 0, 119
-3, 0, 120
-1, 0, 120
-4, 0, 119
-4, -1, 119
-2, 0, 118
-6, 0, 117
-4, 0, 118
-3, 0, 119
-6, 0, 120
-5, 0, 120
-4, 0, 120
-3, 0, 119
-2, 0, 119
-2, 0, 118
-5, 0, 119
-4, 0, 119
-5, 0, 119
-4, 0, 120
-6, 0, 119
-3, 0, 118
-2, -1, 119
-4, 0, 119
-6, 0, 119
-3, 0, 120
-4, 0, 119
-6, 0, 118
-4, 0, 119
-6, 0, 120
-6, 0, 118
-4, 0, 119
-6, 0, 119
-5, -1, 119
-5, 0, 119
-4, 0, 119
-5, 0, 119
-5, 0, 118
-5, 0, 119
-5, 0, 119
-6, 0, 119
-5, 0, 118
-5, 0, 119
-3, 0, 120
-7, -1, 120
-5, 0, 118
-6, 0, 119
-4, 0, 119
-4, 0, 119
-4, 0, 119
-5, -1, 119
-6, 0, 119
-4, 0, 119
-4, 0, 119
-4, 0, 119
-3, -1, 117
-5, 0, 119
-4, 0, 119
-3, 0, 119
-4, 0, 120
-5, -1, 117
-3, 0, 119
-3, 0, 119
-5, 0, 118
-2, 0, 119
-4, 0, 118
-3, -1, 120
-3, 0, 120
-3, 0, 118
-3, 0, 120
-4, 0, 119
-5, 0, 119
-3, 0, 119
-4, -1, 118
-4, 0, 118
-4, 0, 119
-2, -1, 119
-7, 0, 119
-6, -1, 120
-4, 0, 120
-6, 0, 119
-7, 0, 119
-6, 0, 120
-6, -1, 119
-2, 0, 119
-4, 0, 119
-4, -1, 119
-5, 0, 119
-6, 0, 119
-6, 0, 119
-5, 0, 119
-7, 0, 118
-4, 0, 119
-4, 0, 118
-3, 0, 119
-5, 0, 118
-5, 0, 119
-6, 0, 119
-4, 0, 119
-3, 0, 120
-4, 0, 118
-5, 0, 119
-5, 0, 118
-5, 0, 119
-4, 0, 118
-4, 0, 117
-3, 0, 119
-2, 0, 120
-4, 0, 120
-2, 0, 119
-2, 0, 119
-3, 0, 118
-1, 0, 119
-1, 0, 118
-2, 0, 119
-2, 0, 119
-2, 0, 118
-1, 0, 119
-1, 0, 119
-4, 0, 116
-2, 0, 119
-3, 1, 119
-4, 2, 118
-7, 2, 119
-1, 5, 119
-1, 7, 120
-1, 1, 117
0, 4, 122
1, 0, 124
4, 0, 119
6, 2, 122
4, 3, 117
2, 0, 116
1, -8, 115
0, -11, 117
3, -3, 119
5, 0, 119
6, 0, 118
9, -3, 119
8, 0, 119
10, 0, 118
13, 2, 117
15, 3, 117
13, 5, 121
10, 3, 118
9, 7, 116
6, 6, 115
0, 4, 116
-1, 7, 112
-1, 3, 114
-1, 1, 120
-5, 0, 119
-6, -1, 121
-9, 1, 126
-11, 0, 125
-14, -2, -123
-10, -1, -121
-9, -1, 127
-13, -5, 117
-14, -5, 117
-15, -2, 115
-13, 0, 116
-15, -1, 117
-17, -1, 115
-13, 0, 115
-12, 2, 119
-11, 2, 119
-11, 0, 116
-11, 0, 116
-10, 0, 117
-6, 2, 116
-2, 1, 115
-2, 3, 119
0, 7, 115
-5, 7, 120
-3, 4, 123
0, 5, 116
0, 5, 118
0, 2, 115
0, 0, 116
0, -4, 123
-2, -3, 124
-1, 0, 125
0, 0, 123
0, 0, 117
-3, 0, 114
-2, 0, 114
-2, 2, 121
-1, 3, 122
-4, 0, 122
-1, 0, 120
5, 2, 114
5, 2, 121
12, 2, 117
15, 3, 125
12, 5, -124
11, 9, 125
1, 12, 113
-3, -1, 112
0, -9, 113
0, 4, 115
0, 11, 119
3, 3, 116
3, 6, 114
-5, 5, 121
4, 4, 120
4, 12, 115
-6, 8, 111
-9, 4, 114
-9, 2, 125
-9, 3, -128
-10, 4, 126
-11, 2, 120
-3, 3, 118
-7, 3, 114
-7, 3, 115
-8, 1, 119
-9, 0, 115
-10, 1, 121
-1, 1, -127
5, 4, 121
4, 10, 112
-2, 5, 107
-1, 0, 112
-2, 1, 124
0, 8, -128
0, 10, 122
-1, 6, 119
-1, 2, 117
0, 3, 117
0, 3, 118
0, 3, 117
1, 4, 120
0, 4, 120
0, 2, 118
0, 5, 118
0, 3, 120
0, 4, 118
0, 4, 118
0, 2, 120
0, 3, 120
0, 3, 120
0, 2, 119
0, 4, 118
0, 1, 118
0, 1, 119
1, 4, 119
0, 5, 118
0, 3, 117
-1, 3, 119
0, 4, 119
0, 2, 119
0, 2, 120
0, 3, 120
0, 2, 119
0, 2, 120
0, 3, 119
0, 5, 119
0, 3, 118
0, 3, 119
0, 5, 119
0, 4, 118
0, 2, 118
0, 2, 119
0, 3, 118
0, 4, 116
-1, 2, 119
0, 0, 119
0, 0, 119
0, 0, 118
0, 1, 121
0, 3, 123
0, 2, 114
0, 5, 119
-15, -7, 123
-14, -18, 123
-6, -9, 124
-9, 0, 123
-4, 0, 113
0, -2, 114
-5, -4, 116
-8, -8, 114
-16, -15, 120
-12, -17, 109
-12, -1, 114
-28, -4, 122
-17, -12, 117
-20, -8, 118
-18, -14, 113
-17, -10, 108
-33, -11, -126
-36, -18, -111
-23, -13, -117
-21, 0, -103
-20, 0, 123
-10, 1, -128
-1, 15, 116
7, 17, 105
9, 7, 124
1, -9, 109
-6, 0, 95
-6, -1, 95
11, 2, 105
6, -4, 113
2, -13, 108
-3, -19, 106
-1, -20, 98
-1, -23, 105
7, -17, 117
-1, -14, -109
-13, -5, -94
-14, -21, -87
-2, -3, -105
27, 33, 125
21, 49, 111
0, 32, 118
-8, -11, -124
0, -10, 114
0, 5, 97
-9, 14, 100
-2, 15, 84
0, 11, 84
-4, 0, 96
-9, -7, 94
-20, -12, 100
-15, -7, 115
0, 0, -128
-12, -11, -79
-7, -12, -86
-15, 23, -110
1, 53, -128
6, 51, -124
-1, 23, 103
-16, 9, 121
-6, 4, 121
0, 12, 99
3, 19, 89
2, 13, 88
7, 1, 94
5, 2, 98
0, 4, 100
-9, -12, 122
-6, -10, -128
-2, -4, -107
0, -10, -113
-17, 4, -87
-11, 28, -99
-15, 16, 123
-26, 5, 111
-24, 8, 111
-19, 25, 103
-20, 27, 101
-20, 20, 103
-18, 17, 103
-19, 22, 105
-20, 22, 113
-17, 17, 114
-20, 11, 115
-28, 13, 118
-23, 13, 119
-21, 12, 116
-20, 13, 119
-18, 11, 121
-15, 11, 118
-15, 14, 118
-15, 13, 114
-15, 11, 113
-18, 8, 115
-19, 5, 120
-15, 7, 121
-14, 8, 121
-12, 12, 118
-11, 14, 115
-10, 12, 112
-8, 9, 111
-8, 7, 115
-2, 8, 111
-2, 15, 114
-7, 13, 121
-1, 9, 122
0, 1, 122
-7, -6, 121
-16, -9, 118
-7, -10, 127
0, -7, -128
0, 0, -126
3, 0, 126
5, 2, 122
0, 0, 111
0, -5, 110
0, -10, 114
3, -10, 116
7, -10, 121
7, -1, 124
4, 7, 119
0, 19, -128
-4, 12, 117
-9, 0, 110
-14, 0, 106
-21, 1, 121
-27, 7, -126
-28, 1, 127
-24, -2, 126
-20, -8, 124
-14, -1, 112
-11, 0, 110
-25, 0, 114
-22, 0, 115
-14, 0, 104
-8, 10, 105
-22, 24, 125
-29, 45, -117
1, 19, 117
11, 23, 103
-3, 5, 109
-8, -9, 71
3, -11, 120
-7, -1, 116
-9, -12, 104
16, -32, 108
-9, 0, -127
40, -15, 92
15, 14, 101
18, 3, 111
15, 23, 101
-7, 10, 105
17, 34, 95
14, 33, 109
0, 23, 86
5, 26, 64
8, 27, 58
-9, 35, 65
-7, 27, 63
-10, 19, 90
3, 15, 91
-11, -13, 125
-18, -35, 124
-14, 2, -114
-11, -21, -72
-15, 2, -93
-16, -1, -111
3, -1, -94
6, -11, -95
6, -25, -86
-16, -17, -82
-15, -14, -86
7, -8, -101
2, -12#    W-1, 1, 117
0, 0, 119
0, 1, 117
-1, 0, 119
-1, 0, 119
0, 0, 116
0, 0, 121
-1, 1, 118
-1, 0, 119
-1, 0, 117
0, 0, 116
0, 0, 119
-2, 1, 121
-1, 0, 119
0, 0, 118
0, 0, 119
0, 0, 118
0, 0, 118
-1, 0, 119
-1, 0, 119
0, 0, 119
0, 0, 119
-1, 1, 119
-1, 0, 118
0, 0, 119
0, 0, 118
0, 0, 118
-1, 0, 117
0, 0, 118
0, 1, 119
0, 0, 118
0, 0, 118
-1, 0, 117
-1, 0, 118
-1, 0, 118
0, 0, 118
0, 0, 119
-1, 0, 119
-1, 1, 119
0, 0, 119
0, 0, 121
0, 0, 120
-1, 0, 119
-1, 0, 118
-1, 0, 119
0, 0, 122
0, 0, 123
-1, 0, 120
0, 0, 119
-1, 0, 121
0, 0, 120
-1, 0, 123
0, 0, 124
0, 0, 119
-1, 0, 119
-1, 0, 122
-1, 0, 123
-1, 0, 123
0, 0, 121
-1, 0, 121
-1, 0, 121
-1, 0, 122
0, 0, 123
0, 0, 124
0, 0, 123
0, 0, 123
0, 0, 124
-1, 1, 125
-1, 0, 123
0, 0, 123
-1, 0, 124
0, 0, 125
-1, 0, 123
-1, 1, 126
-1, 0, 125
-1, 0, 126
0, 0, 126
0, 0, 125
-1, 1, 126
0, 0, 126
-1, 0, 126
0, 0, 127
-1, 0, 126
-1, 0, 127
0, 0, 126
-1, 0, 126
0, 0, 127
0, 0, 127
-1, 0, 125
0, 0, 126
0, 0, 125
0, 0, 125
-1, 0, 127
0, 2, 117
-1, 1, 125
-1, 0, 123
-3, 1, 124
-1, 1, 123
0, 1, 122
0, 0, 122
0, 0, 121
-1, 0, 121
0, 0, 120
-1, 0, 122
0, 0, 121
-1, 0, 120
0, 0, 119
0, 0, 119
-1, 0, 118
0, 0, 116
0, 0, 119
-1, 1, 119
-2, 0, 122
-5, 0, 123
0, 1, 117
0, 0, 118
-1, 0, 118
-1, 0, 119
-1, 1, 120
0, 0, 118
0, 0, 119
-1, 0, 118
0, 0, 119
0, 0, 118
0, 0, 119
-1, 1, 117
-1, 1, 119
-2, 0, 118
-1, 1, 119
-1, 0, 117
0, 0, 119
0, 0, 119
0, 0, 118
-1, 0, 118
-1, 1, 118
-1, 0, 119
0, 0, 119
0, 0, 119
-1, 0, 119
0, 0, 119
0, 0, 119
0, 0, 118
-1, 0, 120
-1, 1, 119
-1, 0, 118
-1, 0, 118
-1, 0, 120
0, 0, 118
0, 0, 119
-1, 0, 116
-1, 0, 118
0, 0, 118
-1, 0, 118
0, 0, 118
0, 0, 118
0, 0, 117
-1, 0, 119
0, 1, 118
-1, 0, 118
-1, 0, 117
0, 0, 117
0, 0, 119
-1, 0, 120
-1, 0, 119
0, 0, 119
0, 0, 119
0, 0, 119
-1, 0, 118
-1, 1, 119
0, 0, 119
0, 0, 119
0, 0, 118
-1, 1, 119
-1, 0, 116
0, 0, 116
-1, 0, 116
0, 0, 115
-1, 1, 116
-1, 0, 115
0, 0, 113
0, 0, 114
0, 0, 114
0, 0, 113
0, 0, 112
-1, 0, 112
0, 0, 112
-1, 0, 112
-1, 0, 111
-2, 1, 110
0, 0, 110
0, 0, 109
0, 0, 109
-1, 0, 111
-1, 0, 111
-1, 0, 112
-1, 0, 111
-1, 0, 112
-1, 0, 111
0, 0, 111
0, 0, 112
0, 0, 112
-1, 1, 112
-1, 0, 112
-1, 0, 112
0, 0, 112
0, 0, 113
-1, 0, 114
-1, 0, 114
0, 0, 113
0, 0, 114
0, 0, 114
-1, 0, 114
-1, 0, 115
-1, 0, 115
-1, 0, 114
0, 0, 115
-1, 1, 115
-1, 0, 115
-1, 0, 116
0, 0, 116
0, 0, 116
0, 0, 117
-1, 0, 117
-1, 0, 116
0, 0, 117
0, 0, 118
0, 0, 118
-1, 0, 118
-1, 0, 118
-1, 0, 118
0, 0, 118
0, 0, 120
-2, 0, 120
-1, 0, 118
-1, 0, 118
0, 0, 120
0, 0, 118
-3, 1, 117
-1, 0, 118
0, 0, 118
-1, 0, 118
-1, 0, 118
-1, 0, 119
0, 0, 119
-1, 0, 120
-1, 0, 119
-1, 0, 118
0, 0, 118
0, 1, 117
0, 0, 115
-2, 0, 119
-1, 0, 118
-2, 0, 120
0, 0, 119
0, 1, 119
0, 1, 119
-1, 1, 119
-2, 0, 120
-1, 0, 119
-1, 0, 118
0, 0, 118
0, 0, 118
0, 0, 119
-1, 0, 119
0, 0, 118
-1, 0, 118
-1, 0, 118
-1, 0, 118
0, 0, 114
-1, 0, 114
0, 0, 118
-1, 1, 119
-1, 1, 117
-1, 1, 117
0, 0, 119
0, 0, 116
-1, 1, 119
-2, 2, 118
-1, 0, 119
-1, 0, 115
0, 0, 117
0, 0, 119
-1, 0, 120
-1, 0, 120
0, 0, 117
-1, 0, 119
-1, 0, 120
-1, 0, 117
-1, 0, 118
-1, 0, 122
-1, 0, 113
-1, 1, 119
0, 1, 116
0, 0, 120
0, 0, 125
0, 0, 114
-1, 2, 115
0, 0, 116
0, 0, 120
0, 1, 116
-1, 0, 121
-2, 0, 120
-1, 0, 118
0, 0, 119
0, 0, 112
0, 1, 114
0, 1, 116
0, 1, 118
0, 1, 120
-2, 1, 118
-3, 0, 118
0, 0, 117
0, 0, 119
0, 0, 115
-1, 0, 123
0, 1, 119
-1, 1, 118
0, 0, 118
0, 0, 116
-2, 0, 122
-2, 1, 121
0, 1, 116
-2, 0, 120
-2, 1, 118
0, 1, 117
-1, 0, 115
-1, 0, 117
-1, 0, 117
-1, 1, 118
-1, 0, 118
0, 0, 117
0, 0, 119
-1, 0, 117
0, 1, 118
0, 0, 118
0, 0, 118
0, 0, 117
-1, 0, 118
-1, 0, 119
0, 0, 119
0, 0, 116
0, 0, 117
-1, 1, 120
0, 0, 119
0, 0, 118
0, 0, 118
0, 0, 118
0, 0, 118
0, 0, 118
-1, 0, 119
0, 0, 119
-1, 0, 118
-1, 0, 119
0, 0, 119
-1, 0, 118
0, 0, 118
-1, 1, 119
0, 0, 118
0, 0, 118
0, 0, 118
-1, 0, 118
-1, 0, 119
-1, 0, 119
0, 0, 119
0, 0, 119
-1, 0, 119
-1, 0, 118
-1, 1, 118
0, 0, 119
0, 0, 118
0, 0, 118
-1, 0, 118
-1, 1, 119
0, 0, 119
-1, 0, 118
-1, 0, 119
0, 0, 119
-1, 1, 118
-1, 0, 116
0, 0, 118
-1, 1, 121
-1, 0, 116
-1, 0, 118
0, 0, 118
0, 0, 116
-1, 0, 119
0, 0, 118
0, 1, 117
0, 0, 118
0, 0, 117
-1, 1, 119
-1, 0, 117
0, 0, 118
-1, 1, 119
0, 0, 118
-1, 1, 117
-1, 0, 119
-1, 0, 119
-1, 0, 119
0, 0, 117
0, 0, 118
-1, 0, 118
-1, 0, 118
-1, 0, 118
-1, 0, 119
-1, 0, 119
-2, 0, 119
0, 0, 118
0, 0, 118
0, 0, 118
0, 0, 119
0, 0, 117
-1, 0, 119
-1, 0, 118
-1, 0, 119
0, 0, 120
-1, 1, 118
-1, 0, 118
0, 0, 118
0, 1, 119
-1, 0, 118
-1, 1, 120
0, 0, 119
0, 0, 117
-1, 0, 117
-1, 0, 120
0, 0, 120
-1, 0, 120
0, 0, 119
-1, 1, 119
-1, 0, 120
0, 1, 118
-1, 0, 121
-1, 0, 121
-1, 1, 116
-1, 0, 119
-1, 0, 120
-1, 0, 119
0, 0, 119
0, 0, 119
-1, 0, 119
-1, 0, 119
0, 0, 119
-1, 0, 120
0, 0, 117
-1, 1, 123
-1, 0, 120
-1, 0, 120
-1, 0, 117
0, 0, 118
-1, 0, 120
-1, 0, 118
0, 0, 119
-1, 0, 119
-1, 0, 114
-1, 1, 118
-1, 0, 120
0, 0, 120
0, 0, 117
0, 1, 120
0, 0, 119
0, 0, 116
-1, 0, 118
-1, 0, 119
-1, 1, 120
-1, 0, 120
-1, 0, 120
0, 0, 121
-1, 0, 119
-1, 0, 118
0, 0, 119
0, 0, 120
0, 0, 120
0, 0, 119
0, 0, 119
0, 0, 119
-1, 0, 119
0, 0, 119
-2, 1, 118
-1, 0, 118
0, 0, 118
-1, 0, 118
0, 0, 117
0, 0, 118
-1, 1, 118
0, 0, 118
0, 0, 119
0, 0, 118
-1, 1, 118
-1, 1, 116
0, 0, 120
-1, 0, 119
-1, 0, 120
0, 0, 117
0, 0, 118
-1, 0, 118
-1, 0, 119
0, 0, 120
-1, 1, 116
-1, 0, 118
0, 0, 118
-1, 0, 119
-1, 0, 118
-1, 0, 118
0, 0, 118
-1, 0, 119
0, 0, 119
0, 1, 118
-1, 0, 119
-1, 0, 119
0, 0, 119
0, 0, 119
-1, 0, 118
-1, 0, 118
-1, 0, 119
0, 0, 118
0, 0, 117
0, 0, 118
-1, 1, 119
-1, 0, 118
-1, 0, 118
0, 0, 117
-1, 0, 116
-1, 1, 116
-1, 0, 118
0, 0, 118
0, 0, 117
0, 0, 117
0, 0, 117
0, 0, 115
-1, 0, 115
-1, 0, 115
0, 0, 116
0, 0, 116
-1, 0, 116
0, 0, 115
-1, 0, 115
-1, 0, 115
-1, 0, 115
-1, 0, 115
-1, 1, 115
-1, 0, 114
-1, 0, 115
0, 0, 115
-1, 0, 114
-1, 0, 114
0, 0, 114
0, 0, 114
-1, 0, 114
0, 0, 113
-1, 1, 114
0, 0, 112
-1, 1, 113
-1, 0, 113
-1, 0, 113
0, 0, 112
0, 0, 113
-1, 0, 112
0, 0, 111
0, 0, 112
0, 0, 112
0, 0, 112
0, 0, 112
-1, 0, 112
-1, 0, 111
0, 0, 111
0, 0, 111
-1, 1, 111
-1, 1, 112
-1, 0, 113
-1, 0, 111
-1, 0, 110
0, 0, 111
-1, 0, 112
-1, 0, 114
0, 0, 115
0, 0, 114
0, 0, 113
-1, 1, 114
-1, 0, 114
0, 0, 115
0, 0, 117
0, 0, 116
-1, 0, 117
0, 0, 117
-1, 0, 117
-1, 0, 117
0, 0, 117
0, 0, 118
-1, 0, 119
0, 0, 119
0, 0, 118
0, 0, 118
-1, 0, 117
-1, 0, 118
0, 0, 119
-1, 1, 120
0, 0, 120
-1, 0, 119
0, 0, 118
0, 0, 117
-2, 0, 118
0, 0, 118
0, 0, 118
0, 0, 119
0, 0, 118
-1, 1, 118
-1, 0, 119
-1, 0, 119
0, 0, 119
0, 0, 119
-2, 1, 120
-1, 0, 119
-1, 0, 120
0, 0, 120
-1, 0, 119
0, 0, 119
-1, 0, 118
0, 0, 119
0, 0, 118
0, 0, 118
0, 0, 118
-1, 1, 119
-1, 0, 118
-1, 0, 119
-1, 0, 119
0, 0, 118
-1, 1, 119
-1, 0, 119
-1, 0, 119
-1, 0, 119
-2, 1, 118
0, 0, 119
0, 0, 119
-1, 0, 118
-1, 0, 118
0, 0, 118
0, 0, 118
-1, 1, 118
-1, 0, 120
0, 0, 118
-1, 1, 119
0, 0, 119
-1, 0, 120
0, 0, 119
0, 0, 117
-2, 1, 118
-1, 0, 118
-1, 1, 120
-2, 1, 118
-1, 0, 120
0, 0, 118
-1, 0, 121
-1, 0, 119
0, 0, 119
0, 0, 119
0, 0, 121
-1, 0, 121
0, 0, 121
0, 0, 120
0, 0, 122
-1, 0, 122
-2, 0, 123
-1, 0, 125
-1, 1, 122
-1, 0, 125
-4, 0, -128
0, 0, 126
-1, 0, 127
0, 0, 127
0, 0, 127
-1, 0, -128
-4, 1, -125
-1, 0, 127
-1, 0, 126
0, 0, 126
0, 0, 125
-1, 0, 127
-1, 0, 126
-1, 0, 127
0, 0, 127
0, 0, 127
0, 0, 126
-1, 1, 125
0, 0, 125
-1, 1, 124
0, 0, 124
0, 0, 125
0, 0, 123
0, 0, 122
-2, 1, 122
-1, 0, 123
-1, 0, 123
-1, 0, 122
-1, 0, 122
0, 0, 123
-1, 1, 122
-1, 0, 123
0, 0, 122
0, 0, 121
0, 0, 121
-1, 0, 121
-1, 0, 120
-1, 0, 121
-1, 0, 120
0, 0, 120
-1, 1, 119
-1, 0, 118
-1, 0, 119
0, 0, 119
0, 0, 119
0, 0, 119
-1, 0, 120
-1, 0, 117
0, 0, 116
-1, 0, 119
0, 1, 118
-1, 0, 119
-1, 0, 118
-1, 0, 119
-1, 0, 119
0, 0, 119
0, 1, 118
-1, 0, 119
0, 0, 118
0, 0, 119
-1, 0, 120
-1, 0, 117
-1, 0, 119
0, 1, 119
-1, 1, 120
-1, 0, 118
-1, 0, 118
-1, 0, 125
0, 0, 121
0, 0, 119
-2, 0, 118
-1, 1, 117
-1, 0, 121
-1, 0, 121
-1, 0, 116
0, 0, 121
0, 0, 120
0, 0, 117
0, 0, 118
-1, 1, 118
-1, 0, 120
-1, 0, 121
0, 0, 119
0, 0, 117
-1, 0, 119
-1, 1, 120
-1, 1, 117
0, 0, 120
0, 0, 115
0, 1, 121
0, 0, 117
0, 1, 116
-2, 1, 120
-1, 0, 119
0, 0, 116
-2, 1, 118
-1, 0, 117
-1, 0, 117
-1, 0, 121
-3, 2, 119
-2, 1, 115
-7, 14, 99
0, 1, 118
-1, 2, 119
-1, 2, 119
0, 2, 117
0, 1, 120
0, 1, 118
